-- MySQL dump 10.10
--
-- Host: localhost    Database: travis_prod
-- ------------------------------------------------------
-- Server version	5.0.22

/*!40101 SET @OLD_CHARACTER_SET_CLIENT=@@CHARACTER_SET_CLIENT */;
/*!40101 SET @OLD_CHARACTER_SET_RESULTS=@@CHARACTER_SET_RESULTS */;
/*!40101 SET @OLD_COLLATION_CONNECTION=@@COLLATION_CONNECTION */;
/*!40101 SET NAMES utf8 */;
/*!40103 SET @OLD_TIME_ZONE=@@TIME_ZONE */;
/*!40103 SET TIME_ZONE='+00:00' */;
/*!40014 SET @OLD_UNIQUE_CHECKS=@@UNIQUE_CHECKS, UNIQUE_CHECKS=0 */;
/*!40014 SET @OLD_FOREIGN_KEY_CHECKS=@@FOREIGN_KEY_CHECKS, FOREIGN_KEY_CHECKS=0 */;
/*!40101 SET @OLD_SQL_MODE=@@SQL_MODE, SQL_MODE='NO_AUTO_VALUE_ON_ZERO' */;
/*!40111 SET @OLD_SQL_NOTES=@@SQL_NOTES, SQL_NOTES=0 */;

--
-- Table structure for table `iterations`
--

DROP TABLE IF EXISTS `iterations`;
CREATE TABLE `iterations` (
  `id` int(11) NOT NULL auto_increment,
  `title` varchar(200) NOT NULL,
  `start_date` date NOT NULL,
  `end_date` date NOT NULL,
  `created_at` datetime default NULL,
  `updated_at` datetime default NULL,
  `release_id` int(11) default NULL,
  PRIMARY KEY  (`id`)
) ENGINE=InnoDB DEFAULT CHARSET=latin1;

--
-- Dumping data for table `iterations`
--


/*!40000 ALTER TABLE `iterations` DISABLE KEYS */;
LOCK TABLES `iterations` WRITE;
INSERT INTO `iterations` VALUES (1,'Iteration 1','2008-06-09','2008-06-22','2008-06-17 13:31:05','2008-06-27 14:30:04',2),(2,'Iteration 2','2008-06-23','2008-07-06','2008-06-17 13:31:05','2008-06-27 14:30:04',2),(3,'Iteration 3','2008-07-07','2008-07-20','2008-06-17 13:31:05','2008-06-27 14:30:04',2),(4,'Iteration 4','2008-07-21','2008-08-03','2008-06-17 13:31:05','2008-06-30 13:44:43',2),(5,'Iteration 5','2008-08-04','2008-08-17','2008-06-17 13:31:05','2008-06-30 13:44:43',2),(6,'Iteration 10','2008-10-13','2008-10-26','2008-07-01 11:15:01','2008-07-01 15:23:58',2),(7,'Iteration 6','2008-08-18','2008-08-31','2008-07-01 11:28:35','2008-07-01 15:23:58',2),(8,'Iteration 7','2008-09-01','2008-09-14','2008-07-01 11:28:41','2008-07-01 15:23:58',2),(9,'Iteration 8','2008-09-15','2008-09-28','2008-07-01 11:28:55','2008-07-01 15:23:58',2),(10,'Iteration 9','2008-09-29','2008-10-12','2008-07-01 11:30:56','2008-07-01 15:23:58',2),(11,'Iteration 11','2008-10-27','2008-11-09','2008-07-01 11:55:29','2008-07-01 15:23:58',2),(12,'GovDelivery.net','2010-07-01','2010-07-03','2008-07-01 14:14:42','2008-07-01 15:23:37',NULL);
UNLOCK TABLES;
/*!40000 ALTER TABLE `iterations` ENABLE KEYS */;

--
-- Table structure for table `releases`
--

DROP TABLE IF EXISTS `releases`;
CREATE TABLE `releases` (
  `id` int(11) NOT NULL auto_increment,
  `title` varchar(200) NOT NULL,
  `created_at` datetime default NULL,
  `updated_at` datetime default NULL,
  PRIMARY KEY  (`id`)
) ENGINE=InnoDB DEFAULT CHARSET=latin1;

--
-- Dumping data for table `releases`
--


/*!40000 ALTER TABLE `releases` DISABLE KEYS */;
LOCK TABLES `releases` WRITE;
INSERT INTO `releases` VALUES (2,'Phase 1','2008-06-27 14:30:04','2008-06-30 13:46:51');
UNLOCK TABLES;
/*!40000 ALTER TABLE `releases` ENABLE KEYS */;

--
-- Table structure for table `saved_searches`
--

DROP TABLE IF EXISTS `saved_searches`;
CREATE TABLE `saved_searches` (
  `id` int(11) NOT NULL auto_increment,
  `query` varchar(200) NOT NULL,
  `name` varchar(50) NOT NULL,
  `query_type` varchar(10) NOT NULL,
  `created_at` datetime default NULL,
  `updated_at` datetime default NULL,
  PRIMARY KEY  (`id`)
) ENGINE=InnoDB DEFAULT CHARSET=latin1;

--
-- Dumping data for table `saved_searches`
--


/*!40000 ALTER TABLE `saved_searches` DISABLE KEYS */;
LOCK TABLES `saved_searches` WRITE;
INSERT INTO `saved_searches` VALUES (1,'state=\'new\'','New Tasks','Story','2008-06-18 14:38:05','2008-06-18 14:38:05'),(2,'state!=\'new\'','Not New','Story','2008-06-18 14:38:38','2008-06-18 14:38:38'),(3,'state!=\'complete\' and login=\'mml\'','Incomplete MML','Task','2008-06-18 14:41:58','2008-06-18 14:41:58'),(4,'state=\'in_progress\'','Tasks:  In Progress','Task','2008-06-19 08:19:29','2008-06-19 08:19:29'),(5,'nodule = \'govdelivery.net\'','GovDelivery.net nodule','Story','2008-06-24 09:18:09','2008-06-24 09:18:09'),(6,'nodule=\'travis\'','Travis Stories','Story','2008-06-24 14:50:10','2008-06-24 14:50:10'),(11,'mnemonic like \'subs%\'','SUBS stories','Story','2008-07-01 12:51:37','2008-07-01 12:51:37'),(12,'mnemonic like \'user%\'','USER stories','Story','2008-07-01 13:27:14','2008-07-01 13:27:14'),(13,'mnemonic like \'TOPI%\'','TOPI stories','Story','2008-07-01 13:44:22','2008-07-01 13:44:22');
UNLOCK TABLES;
/*!40000 ALTER TABLE `saved_searches` ENABLE KEYS */;

--
-- Table structure for table `schema_migrations`
--

DROP TABLE IF EXISTS `schema_migrations`;
CREATE TABLE `schema_migrations` (
  `version` varchar(255) NOT NULL,
  UNIQUE KEY `unique_schema_migrations` (`version`)
) ENGINE=InnoDB DEFAULT CHARSET=latin1;

--
-- Dumping data for table `schema_migrations`
--


/*!40000 ALTER TABLE `schema_migrations` DISABLE KEYS */;
LOCK TABLES `schema_migrations` WRITE;
INSERT INTO `schema_migrations` VALUES ('1'),('20080602195912'),('20080602201756'),('20080603202436'),('20080604145143'),('20080604155229'),('20080604183614'),('20080604195559'),('20080604210808'),('20080606171614'),('20080606174431'),('20080606180246'),('20080611201546'),('20080611202035'),('20080617181245'),('20080618155103'),('20080618194527'),('20080619191858'),('20080619192658'),('20080626152650'),('20080626163219');
UNLOCK TABLES;
/*!40000 ALTER TABLE `schema_migrations` ENABLE KEYS */;

--
-- Table structure for table `sessions`
--

DROP TABLE IF EXISTS `sessions`;
CREATE TABLE `sessions` (
  `id` int(11) NOT NULL auto_increment,
  `session_id` varchar(255) NOT NULL,
  `data` text,
  `created_at` datetime default NULL,
  `updated_at` datetime default NULL,
  PRIMARY KEY  (`id`),
  KEY `index_sessions_on_session_id` (`session_id`),
  KEY `index_sessions_on_updated_at` (`updated_at`)
) ENGINE=InnoDB DEFAULT CHARSET=latin1;

--
-- Dumping data for table `sessions`
--


/*!40000 ALTER TABLE `sessions` DISABLE KEYS */;
LOCK TABLES `sessions` WRITE;
INSERT INTO `sessions` VALUES (1,'74ec75e1ac1e6af66f0b5a7fcaa12ab4','BAh7BzoKbG9naW4iCG1tbCIKZmxhc2hJQzonQWN0aW9uQ29udHJvbGxlcjo6\nRmxhc2g6OkZsYXNoSGFzaHsABjoKQHVzZWR7AA==\n','2008-06-17 13:15:36','2008-06-17 14:06:21'),(2,'48d436ca457e24dd047bb4100411d52e','BAh7ByIKZmxhc2hJQzonQWN0aW9uQ29udHJvbGxlcjo6Rmxhc2g6OkZsYXNo\nSGFzaHsABjoKQHVzZWR7ADoKbG9naW4iCVBhdWw=\n','2008-06-17 13:27:46','2008-06-17 13:49:41'),(3,'8f080c7fb5ec948994ad983bf0fd64ea','BAh7BzoKbG9naW4iCHRvbSIKZmxhc2hJQzonQWN0aW9uQ29udHJvbGxlcjo6\nRmxhc2g6OkZsYXNoSGFzaHsABjoKQHVzZWR7AA==\n','2008-06-17 13:37:24','2008-06-17 14:22:52'),(4,'faf168a1fd931cf0406cc15f1cbc1cd7','BAh7BzoKbG9naW4iE0Jhcm9uIFZvbiBQYXVsIgpmbGFzaElDOidBY3Rpb25D\nb250cm9sbGVyOjpGbGFzaDo6Rmxhc2hIYXNoewAGOgpAdXNlZHsA\n','2008-06-17 13:48:00','2008-06-17 15:49:46'),(5,'66700d6c6309bf97d62558a89bafe4c3','BAh7BzoKbG9naW4iCWZkc2EiCmZsYXNoSUM6J0FjdGlvbkNvbnRyb2xsZXI6\nOkZsYXNoOjpGbGFzaEhhc2h7AAY6CkB1c2VkewA=\n','2008-06-17 16:13:22','2008-06-17 16:13:40'),(6,'ea38ef97af105460d6bbf9372badf0a1','BAh7BzoKbG9naW4iCEppbSIKZmxhc2hJQzonQWN0aW9uQ29udHJvbGxlcjo6\nRmxhc2g6OkZsYXNoSGFzaHsABjoKQHVzZWR7AA==\n','2008-06-18 12:05:16','2008-06-18 12:05:39'),(7,'bd14086fa5f08e903261c498e6233edd','BAh7BzoKbG9naW4iCVBhdWwiCmZsYXNoSUM6J0FjdGlvbkNvbnRyb2xsZXI6\nOkZsYXNoOjpGbGFzaEhhc2h7AAY6CkB1c2VkewA=\n','2008-06-18 14:13:00','2008-06-18 14:13:25'),(8,'4e20b5cf3fd070f988cf57fe8fb7cf2f','BAh7BzoKbG9naW4iCG1tbCIKZmxhc2hJQzonQWN0aW9uQ29udHJvbGxlcjo6\nRmxhc2g6OkZsYXNoSGFzaHsGOgliYWNrIg0vc3RvcmllcwY6CkB1c2VkewY7\nB0Y=\n','2008-06-18 14:37:20','2008-06-19 15:13:13'),(9,'6d0b998d702558d132d6e961bab3688b','BAh7BzoKbG9naW4iCkJyaWFuIgpmbGFzaElDOidBY3Rpb25Db250cm9sbGVy\nOjpGbGFzaDo6Rmxhc2hIYXNoewY6CWJhY2siDS9zdG9yaWVzBjoKQHVzZWR7\nBjsHRg==\n','2008-06-18 14:40:13','2008-06-19 15:15:38'),(10,'1bac0353bb131617b39d46199f07ffc0','BAh7BzoKbG9naW4iCEppbSIKZmxhc2hJQzonQWN0aW9uQ29udHJvbGxlcjo6\nRmxhc2g6OkZsYXNoSGFzaHsGOgliYWNrIg0vc3RvcmllcwY6CkB1c2VkewY7\nB0Y=\n','2008-06-18 15:38:17','2008-06-19 14:39:32'),(11,'925d3ee5620b8c1e4e4bfb97a38a2442','BAh7BzoKbG9naW4iCHRvbSIKZmxhc2hJQzonQWN0aW9uQ29udHJvbGxlcjo6\nRmxhc2g6OkZsYXNoSGFzaHsGOgliYWNrIgsvdGFza3MGOgpAdXNlZHsGOwdG\n','2008-06-18 15:41:21','2008-06-18 15:44:51'),(12,'8c0fb4f45f30edf53e040f7ef8b1a896','BAh7BzoKbG9naW4iCVBhdWwiCmZsYXNoSUM6J0FjdGlvbkNvbnRyb2xsZXI6\nOkZsYXNoOjpGbGFzaEhhc2h7BjoJYmFjayINL3N0b3JpZXMGOgpAdXNlZHsG\nOwdG\n','2008-06-19 08:14:58','2008-06-19 08:21:23'),(13,'e4d440a9d8ae0e3308c7f06ee060852e','BAh7BzoKbG9naW4iCVBhdWwiCmZsYXNoSUM6J0FjdGlvbkNvbnRyb2xsZXI6\nOkZsYXNoOjpGbGFzaEhhc2h7BjoJYmFjayILL3Rhc2tzBjoKQHVzZWR7BjsH\nRg==\n','2008-06-19 13:40:31','2008-06-19 14:18:26');
UNLOCK TABLES;
/*!40000 ALTER TABLE `sessions` ENABLE KEYS */;

--
-- Table structure for table `stories`
--

DROP TABLE IF EXISTS `stories`;
CREATE TABLE `stories` (
  `id` int(11) NOT NULL auto_increment,
  `title` varchar(200) NOT NULL,
  `description` text,
  `swag` decimal(4,2) default NULL,
  `created_at` datetime default NULL,
  `updated_at` datetime default NULL,
  `iteration_id` int(11) default NULL,
  `state` varchar(20) NOT NULL default 'new',
  `completed_at` date default NULL,
  `lock_version` int(11) default '0',
  `nodule` varchar(200) default NULL,
  `mnemonic` varchar(10) default NULL,
  PRIMARY KEY  (`id`)
) ENGINE=InnoDB DEFAULT CHARSET=latin1;

--
-- Dumping data for table `stories`
--


/*!40000 ALTER TABLE `stories` DISABLE KEYS */;
LOCK TABLES `stories` WRITE;
INSERT INTO `stories` VALUES (1,'Travis!','This story represents the necessary tasks to make Travis usable','0.00','2008-06-17 13:34:05','2008-06-30 13:45:13',1,'passed','2008-06-20',12,'Travis','TRAV-1'),(2,'GD.net item visibility','GD.net search results will comply with item visibility rules','0.50','2008-06-17 13:57:36','2008-06-30 16:14:09',5,'in_qc',NULL,5,'Un-areafied','GDNE-2'),(3,'Travis Planning Screen','Need a screen to do release planning.  Should provide filtered lists of stories and allow them to be added to various iterations.  \r\n','0.00','2008-06-17 14:08:20','2008-06-30 08:31:40',1,'new',NULL,5,'Travis','TRAV-3'),(4,'Admin can assign security permissions to an admin','From Brett:\r\n1) Roles & Rights limit access to features & some object instances\r\n2) Requires security grid during rqts process\r\n3) UI work\r\n4) Assign \"role\" & \"permissions\"\r\n\r\nNotes:\r\n- Admin can have only 1 Role\r\n- Permissions are tied to Roles\r\n- RolePermissions serve as a template for Permissions tied to Admin when Role is selected for that Admin\r\n- AdminPermissions (i.e. Authorizations) can be modified independent of RolePermissions\r\n- Permissions are broken down by Module\r\n- Modules are tied to Accounts\r\n- Modules must be made available to Accounts in order to give Admins tied to that Account access to those Modules\r\n- Admins must be given access to a Module before they can be given access to Permissions within that Module\r\n','4.00','2008-06-18 12:10:26','2008-07-01 11:47:26',2,'in_progress',NULL,10,'security','ADMI-4'),(5,'Accounts - list','','0.50','2008-06-18 14:13:49','2008-07-01 12:33:41',2,'in_qc',NULL,20,'test','ACOU-5'),(6,'Accounts - CRUD','Can represent a government entity in GovDelivery user: internal admin\r\n\r\nPrimary contact, account name, home page, etc.\r\n\r\nDo not include phone number and other contact information from the Legend system becuase that is redundant information. It is already stored in SalesForce.\r\n\r\n\r\n','1.00','2008-06-18 14:14:16','2008-07-01 12:09:01',2,'in_qc','2008-06-30',128,'security','ACOU-6'),(8,'Can limit the emails a subscriber receives to those sent to topics for which the subscriber has a subscript...','Can limit the emails a subscriber receives to those sent to topics for which the subscriber has a subscription\r\nuser: admin','0.00','2008-06-20 12:56:55','2008-07-01 12:57:09',4,'new',NULL,4,'subscriptions','SUBS-8'),(9,'Will receive an email from GovDelivery when I CRUD subscripti...','Will receive an email from GovDelivery when I CRUD subscriptions\r\nuser: subscriber\r\n\r\nIs this done, or is it dependent on the Mail Sending story that is also in Itr 3?','0.00','2008-06-20 12:56:55','2008-06-27 12:17:04',12,'new',NULL,4,'GovDelivery.net','GOVD-9'),(10,'Send 1 email to N subscribers in X t...','Send 1 email to N subscribers in X time\r\nuser: admin','0.00','2008-06-20 12:56:55','2008-07-01 12:50:56',4,'new',NULL,4,'mail sender','MAIL-10'),(11,'want the system to check permissions of crash and system log at star...','want the system to check permissions of crash and system log at startup\r\nMake sure logs are writable so recovery can occur\r\nuser: internal admin','0.00','2008-06-20 12:56:55','2008-07-01 12:34:38',11,'new',NULL,4,'mail sender','MAIL-11'),(12,'want to limit the results returned to the subscriber to topics from 1, N or All clie...','want to limit the results returned to the subscriber to topics from 1, N or All clients\r\nuse the network\r\nuser: admin','0.00','2008-06-20 12:56:55','2008-07-01 10:57:50',12,'new',NULL,4,'GovDelivery.net','GOVD-12'),(13,'Can select and change accounts without logging in ag...','Can select and change accounts without logging in again\r\nuser: internal admin\r\n\r\nWhen an internal admin logs into Evo, they can access to a list of accounts (see Evo ticket ACOUT-49, Itr 1), from this page they can navigate from account to account so they make changes at each of those accounts. \r\n\r\nThis story is tied directly to [ACOU-93](http://buildbox/travis/stories/93) although it isn\'t the same story.','0.00','2008-06-20 12:56:55','2008-06-27 14:18:08',2,'in_qc',NULL,9,'accounts','ACOU-13'),(14,'Can recover logmonster when it goes down due to abnormal scenario...','Can recover logmonster when it goes down due to abnormal scenarios. \r\nOps to provide scenario\r\nuser: internal admin','0.00','2008-06-20 12:56:55','2008-07-01 12:35:06',11,'new',NULL,4,'mail sender','MAIL-14'),(15,'Want a configurabale crash log location and n...','Want a configurabale crash log location and name\nSys Admins\nuser: internal admin','0.00','2008-06-20 12:56:55','2008-06-20 12:56:55',5,'new',NULL,3,'mail sender','MAIL-15'),(16,'want the subscription process to work in all common browsers at 1024 x 768 resolut...','want the subscription process to work in all common browsers at 1024 x 768 resolution\nfirefox, IE, safari, and others\nuser: subscriber ','0.00','2008-06-20 12:56:55','2008-06-20 12:56:55',5,'new',NULL,3,'web templates','WEBT-16'),(17,'don\'t want other subscribers to see addresses of other recipients of the mess...','don\'t want other subscribers to see addresses of other recipients of the message\nuser: admin','0.00','2008-06-20 12:56:55','2008-06-20 12:56:55',5,'new',NULL,3,'mail sender','MAIL-17'),(18,'want GovDelivery.net to comply with \'Restriction\' setti...','want GovDelivery.net to comply with \'Restriction\' settings\r\nonly allow .gov addresses to sign up for this item\r\nuser: admin','0.00','2008-06-20 12:56:55','2008-06-27 12:17:27',12,'new',NULL,4,'GovDelivery.net','GOVD-18'),(19,'Want the system to show GovDelivery\'s default privacy policy when the subscriber clicks a privacy policy l...','Want the system to show GovDelivery\'s default privacy policy when the subscriber clicks a privacy policy link\nuser: internal admin','0.50','2008-06-20 12:56:55','2008-06-20 12:56:55',5,'new',NULL,3,'web templates','WEBT-19'),(20,'Can enable/disable page watch at account le...','Can enable/disable page watch at account level\nuser: internal admin','0.50','2008-06-20 12:56:55','2008-06-20 12:56:55',5,'new',NULL,3,'page watch','PAGE-20'),(21,'Can activate page watch for the to...','Can activate page watch for the topic\r\nuser: admin','0.50','2008-06-20 12:56:55','2008-07-01 13:07:51',11,'new',NULL,4,'page watch','PAGE-21'),(22,'can enable/disable auto-send page watch bullet...','can enable/disable auto-send page watch bulletins\nuser: admin','0.50','2008-06-20 12:56:55','2008-06-20 12:56:55',5,'new',NULL,3,'page watch','PAGE-22'),(23,'must select a custom schedule to be the default for each partner (if there\'s one, use it automatical...','must select a custom schedule to be the default for each partner (if there\'s one, use it automatically)\nuser: internal admin','0.50','2008-06-20 12:56:55','2008-06-20 12:56:55',5,'new',NULL,3,'page watch','PAGE-23'),(24,'Am not permitted to send a bulletin to zero recipie...','Am not permitted to send a bulletin to zero recipients\r\nuser: admin','0.50','2008-06-20 12:56:55','2008-07-01 13:31:04',10,'new',NULL,4,'bulletins','BULE-24'),(25,'Can enable/disable open tracking at the partner le...','Can enable/disable open tracking at the partner level\r\nuser: internal admin','0.50','2008-06-20 12:56:55','2008-07-01 13:31:21',6,'new',NULL,4,'bulletins','BULE-25'),(26,'Want a unique goodmail partner...','Want a unique goodmail partner id\nuser: admin','0.50','2008-06-20 12:56:55','2008-06-20 12:56:55',5,'new',NULL,3,'mail sender','MAIL-26'),(27,'can enable / disable for an account: DIGEST_ENAB...','can enable / disable for an account: DIGEST_ENABLED\r\nuser: internal admin','0.50','2008-06-20 12:56:55','2008-07-01 13:30:32',7,'new',NULL,4,'accounts','ACOU-27'),(28,'can enable / disable for an account: Page wa...','can enable / disable for an account: Page watch\r\nuser: internal admin','0.50','2008-06-20 12:56:55','2008-07-01 13:29:40',11,'new',NULL,4,'accounts','ACOU-28'),(29,'can enable / disable for an account: Custom Page watch Schedu...','can enable / disable for an account: Custom Page watch Schedules\r\nuser: internal admin','0.50','2008-06-20 12:56:55','2008-07-01 13:29:51',11,'new',NULL,4,'accounts','ACOU-29'),(30,'can enable / disable for an account: Watch tagged cont...','can enable / disable for an account: Watch tagged content\r\nuser: internal admin','0.50','2008-06-20 12:56:55','2008-07-01 13:30:04',11,'new',NULL,4,'accounts','ACOU-30'),(31,'can define which mail sending IP an account will ...','can define which mail sending IP an account will use\nClient sends to an old mailing list imported from an old listserv. It may include bad, deleted email addresses, which can cause ISPs to grey list the account or GovDelivery. Rather than use the same IP that all other accounts use, change the setting to a different IP.\nuser: internal admin','0.50','2008-06-20 12:56:55','2008-06-20 12:56:55',5,'new',NULL,3,'accounts','ACOU-31'),(32,'can enable / disable open sett...','can enable / disable open setting\nIf enabled, the category appears open on the quick subscribe page. If disabled, the category is closed, and topics hidden, by default. \nuser: admin','0.50','2008-06-20 12:56:55','2008-06-20 12:56:55',5,'new',NULL,3,'categories','CATE-32'),(33,'can create a short name that appears on the quick subscribe t...','can create a short name that appears on the quick subscribe tree\nName is the long name for the admin UI\nuser: admin','0.50','2008-06-20 12:56:55','2008-06-20 12:56:55',5,'new',NULL,3,'categories','CATE-33'),(34,'Can set the category visibility (e.g listed). When listed, the category appears on the QS page. When Deleted, it does n...','Can set the category visibility (e.g listed). When listed, the category appears on the QS page. When Deleted, it does not.\nuser: admin','0.50','2008-06-20 12:56:55','2008-06-20 12:56:55',5,'new',NULL,3,'categories','CATE-34'),(35,'Can assign the category to the default or custom quick subscribe p...','Can assign the category to the default or custom quick subscribe page\nuser: admin','0.50','2008-06-20 12:56:55','2008-06-20 12:56:55',5,'new',NULL,3,'categories','CATE-35'),(36,'Can set the visibility of a to...','Can set the visibility of a topic\r\nuser: admin','0.50','2008-06-20 12:56:55','2008-07-01 11:01:10',4,'new',NULL,4,'topics','TOPI-36'),(37,'want access to Help and Privacy Policy before I sign up for subscript...','want access to Help and Privacy Policy before I sign up for subscription\nuser: subscriber ','0.50','2008-06-20 12:56:55','2008-06-20 12:56:55',5,'new',NULL,3,'web templates','WEBT-37'),(38,'Can have N subscriptions for N accou...','Can have N subscriptions for N accounts\r\nuser: subscriber','1.00','2008-06-20 12:56:55','2008-07-01 11:12:37',5,'new',NULL,5,'subscriptions','SUBS-38'),(39,'can subscribe to all topics in a categ...','can subscribe to all topics in a category\nuser: subscriber','1.00','2008-06-20 12:56:55','2008-06-20 12:56:55',5,'new',NULL,3,'categories','CATE-39'),(40,'Can include a topic in in N categor...','Can include a topic in in N categories\nuser: admin','1.00','2008-06-20 12:56:55','2008-06-20 12:56:55',5,'new',NULL,3,'categories','CATE-40'),(41,'Can define which pagewatch and courtesy copy messages other admins rece...','Can define which pagewatch and courtesy copy messages other admins receive\r\nuser: admin','1.00','2008-06-20 12:56:55','2008-07-01 13:25:08',11,'new',NULL,4,'users','USER-41'),(42,'Admin can update their own personal profile information, including name, etc.','When I\'m logged into Evo, I want to see my user profile in a list, select it and edit my personal information, such as the spelling of my name.\r\n\r\n\r\nRequirements\r\n1. Admin cannot change their own email address, which is their login ID. Show the login ID on the UI, but don\'t allow it to be edited.\r\n\r\n2. Admin cannot change their own role or permissions. \r\n\r\nEditing other admin\'s info is ([USER-389] http://buildbox/travis/stories/389)\r\n\r\nUse Case\r\n\r\n- AccountAdmin logs into EVO\r\n- Evo displays list of users (Account Home Page), with the logged in user at the top of the list. All other users are in alpha order below. \r\n3. Admin clicks his own user profile from the list\r\n4. AccountAdmin edits last name\r\n5. AccountAdmin clicks Save\r\n6. Evo displays Account Home page, with updated info\r\n\r\nExtension\r\nTopicAdmin changes personal information\r\n1a. TopicAdmin logs into EVO\r\n2a. Evo displays only the logged in user (along with the edit tabs on the side)\r\n3a. Topicamdin is able to update info (same as above)\r\n4a. clicks save in EVO and Account Home page is updated with the info\r\n','1.00','2008-06-20 12:56:55','2008-07-01 14:51:57',3,'new',NULL,8,'users','USER-42'),(43,'Can tell the system to watch a portion of a page (identified with page watch t...','Can tell the system to watch a portion of a page (identified with page watch tag)\nuser: admin','1.00','2008-06-20 12:56:55','2008-06-20 12:56:55',5,'new',NULL,3,'page watch','PAGE-43'),(44,'am notified of err...','am notified of errors\n404, 500\nuser: admin','1.00','2008-06-20 12:56:55','2008-06-20 12:56:55',5,'new',NULL,3,'page watch','PAGE-44'),(45,'Want to be notified of page changes for some accou...','Want to be notified of page changes for some accounts\n\"CC Account Managers on Page Watch\" Select the AM that is notified.\nuser: internal admin','1.00','2008-06-20 12:56:55','2008-06-20 12:56:55',5,'new',NULL,3,'page watch','PAGE-45'),(46,'Can modify an item from the page watch notification em...','Can modify an item from the page watch notification email\nPage watcher can\'t reach the FRB site (304 error). The item admin for that site receives an email that contains some links. One link is to the modify item page. Email summarizes the error.\nuser: admin','1.00','2008-06-20 12:56:55','2008-06-20 12:56:55',5,'new',NULL,3,'page watch','PAGE-46'),(47,'Want to identify the source of a custom privacy policy hosted by the part...','Want to identify the source of a custom privacy policy hosted by the partner\nuser: internal admin','1.00','2008-06-20 12:56:55','2008-06-20 12:56:55',5,'new',NULL,3,'accounts','ACOU-47'),(48,'Can activate click-through tracking at the partner le...','Can activate click-through tracking at the partner level\nuser: internal admin','1.00','2008-06-20 12:56:55','2008-06-20 12:56:55',5,'new',NULL,3,'accounts','ACOU-48'),(49,'Can see complete list of accou...','Can see complete list of accounts\r\nuser: internal admin\r\n\r\n\r\nWhen an internal admin logs into Evo, they want to have access to all of the accounts (e.g. FBI, FEMA, etc.) via a list. ','1.00','2008-06-20 12:56:55','2008-06-26 11:47:44',1,'in_qc',NULL,7,'accounts','ACOU-49'),(50,'Associate a primary internal admin for an account','An internal admin can associate one other internal admin with an account. The user profile associated with the account is typically a GovDelivery Client Services employee, such as an Account Manager. \r\n\r\nThis is the person who has management responsibility for the account. \r\n\r\nIn the future we will want this user to receive messages related to the account. Also, we\'ll want to be able to filter accounts by which internal admin is responsible for the account. \r\n\r\nRules\r\nThe Internal Admin exists in the system\r\nSelect the admin from a drop list\r\nIf the admin is deleted, set the value to \'unassigned\'\r\nOne admin owner per account\r\n\r\nUse Case:\r\ninternal sales rep opens a new account and assigns a training session with a account manager (eg. Sam) \r\nSam will now receive messages regarding the account \r\nSam can log into EVO and filter on which accounts belongs to him and others\r\n','1.00','2008-06-20 12:56:55','2008-07-01 15:07:41',3,'new',NULL,6,'accounts','ACOU-50'),(51,'can set the default tag line and sender address for all ema...','can set the default tag line and sender address for all emails\nGovDelivery is sending on behalf on the CDC\nuser: internal admin','1.00','2008-06-20 12:56:55','2008-06-20 12:56:55',5,'new',NULL,3,'accounts','ACOU-51'),(52,'Can enable/disable the auto-send default page watch bulletin sett...','Can enable/disable the auto-send default page watch bulletin setting\nWhen auto-send is enabled at the account level, all page watch items are auto-send enabled by default. This means the page watch bulletins will be sent immediately to the subscribers without approval from the admin.\nuser: internal admin','1.00','2008-06-20 12:56:55','2008-06-20 12:56:55',5,'new',NULL,3,'accounts','ACOU-52'),(53,'Want the system to auto assign a code to a category when it is created, that I can manually overwrite. I need the code so I can add a link to the category on my si...','Want the system to auto assign a code to a category when it is created, that I can manually overwrite. I need the code so I can add a link to the category on my site.\nNecessary for one click subscribe links, when the category is subscribable. Necessary for web services, so web service XML doesn\'t need to rely on the primary key\nuser: admin','1.00','2008-06-20 12:56:55','2008-06-20 12:56:55',5,'new',NULL,3,'categories','CATE-53'),(54,'System generates and displays snippets for the categ...','System generates and displays snippets for the category\nSnippets are URLs that can be embedded on a client site. \'Subscribe to this category\' snippet URL\nuser: admin','1.00','2008-06-20 12:56:55','2008-06-20 12:56:55',5,'new',NULL,3,'categories','CATE-54'),(55,'Admins can log into the system outside the GovDelivery firewall','Since Evo is a SaaS app, an Admin can access it and do work in the app outside of GovDelivery. For example, work from their office or from home. \r\n\r\n\r\ncan log into the system from any internet-enabled computer in the world\r\nuser name and password are required\r\nuser: admin\r\n\r\nUse Case:\r\nuser enters HTML \r\nenters login information\r\ndepending on the title of the user (super user, account manager, account admin) will determine which page will be there home page. \r\nuser is able to edit and view all the same fields that belong with the rights of there user right and permissions)','1.00','2008-06-20 12:56:55','2008-07-01 15:10:22',3,'new',NULL,6,'accounts','ACOU-55'),(56,'Can delete individual subscriptions for a subscri...','Can delete individual subscriptions for a subscriber\nuser: admin','1.00','2008-06-20 12:56:55','2008-06-20 12:56:55',5,'new',NULL,3,'users','USER-56'),(57,'Can resend a bulletin to a subscriber who requests another c...','Can resend a bulletin to a subscriber who requests another copy\r\nuser: admin','1.00','2008-06-20 12:56:55','2008-07-01 11:48:05',6,'new',NULL,4,'users','USER-57'),(58,'Want to see click through data by ...','Want to see click through data by day\nuser: admin','1.00','2008-06-20 12:56:55','2008-06-20 12:56:55',5,'new',NULL,3,'reports','REPO-58'),(59,'Admin can list all topics for account','When an internal or external admin with topic permissions is logged in, they can list and access topics for the account. \r\n\r\nIn the future, some roles will be limited to only seeing topics they own. \r\n\r\nCan list all of topics for my account\r\ncolumns include topic_id, name, subscriber count, last edited date, creation date, associated admins, creator, associated URL/URLs\r\n\r\n\r\nuser: admin','1.00','2008-06-20 12:56:55','2008-07-01 11:13:06',4,'new',NULL,5,'topics','TOPI-59'),(60,'want to send a bulletin only once to an email address, even if the address appears multiple times in my recipient l...','want to send a bulletin only once to an email address, even if the address appears multiple times in my recipient list\nI send to 2 topics. Several addresses associated with the topics appear in both lists. Only send bulletin to an address once.\nuser: admin','1.00','2008-06-20 12:56:55','2008-06-20 12:56:55',5,'new',NULL,3,'mail sender','MAIL-60'),(61,'can see the list of email addresses that I\'ll be sending my bulletin to before I send...','can see the list of email addresses that I\'ll be sending my bulletin to before I send it\nuser: admin','1.00','2008-06-20 12:56:55','2008-06-20 12:56:55',5,'new',NULL,3,'bulletin addresses','BULE-61'),(62,'can define the default footer for all bulletins sent for the platform for CAN-SPAM complian...','can define the default footer for all bulletins sent for the platform for CAN-SPAM compliance.\nsender, unsubscriber info\nuser: internal admin','1.00','2008-06-20 12:56:55','2008-06-20 12:56:55',5,'new',NULL,3,'accounts','ACOU-62'),(63,'view a list of addresses the bulletin was sent TO from the rep...','view a list of addresses the bulletin was sent TO from the report\nuser: admin','1.00','2008-06-20 12:56:55','2008-06-20 12:56:55',5,'new',NULL,3,'reports','REPO-63'),(64,'want web templates to follow item selection ru...','want web templates to follow item selection rules\nselect category, auto-select all items. Select item it one category, mark it selected in all others. Rules are numerous. Identify all of them before building this out\nuser: internal admin','1.00','2008-06-20 12:56:55','2008-06-20 12:56:55',5,'new',NULL,3,'web templates','WEBT-64'),(65,'Subscriber can update their own  personal information, including email address, subscriptions, etc','A subscriber can update their email address, unlike an admin user who cannot (see USER-42)\r\n\r\n\r\ncan update my personal information, including email address, subscriptions, etc.\r\nuser: subscriber ','1.00','2008-06-20 12:56:55','2008-06-26 12:35:15',5,'new',NULL,5,'users','USER-65'),(66,'want to display a subset of my category and topic tree (custom quicksubscribe pa...','want to display a subset of my category and topic tree (custom quicksubscribe page)\nuser: admin','1.00','2008-06-20 12:56:55','2008-06-20 12:56:55',5,'new',NULL,3,'web templates','WEBT-66'),(67,'can identify 2 addresses for content deliv...','can identify 2 addresses for content delivery\r\nuser: subscriber ','1.00','2008-06-20 12:56:55','2008-07-01 13:07:26',5,'new',NULL,4,'users','USER-67'),(68,'Admin user sessions expire in 60 minutes','The default is 60 mins, but it can be set at the account level by an internal admin. \r\n\r\nWhen the session is idle for 60 mins, the admin is logged out and the login page displays. \r\n\r\n\r\nuser: admin','1.00','2008-06-20 12:56:55','2008-07-01 13:26:01',7,'new',NULL,5,'users','USER-68'),(69,'want to see a copy of what I just sent in my email bo...','want to see a copy of what I just sent in my email box. \nuse email address from user profile\nuser: admin','1.00','2008-06-20 12:56:55','2008-06-20 12:56:55',5,'new',NULL,3,'mail sender','MAIL-69'),(70,'One Internal Admin can create other admins. This admin can only access the system from within the GovDelivery firewall, and it can never be deleted','want one user who can create other admin users, is only accessible inside GovDelivery, and can never be deleted (Genesis user)\r\nuser: internal admin\r\n\r\n**NOTES ON USAGE**  \r\nthis story is satisfied by adding the ability to load seed data into a brand-new database.\r\n\r\nThis can be done by executing the following:\r\n\r\n`RAILS_ENV=production rake db:create db:schema:load db:seed`\r\n\r\n**This will destroy the database for the environment that it\'s pointed at!!!**  If we get a requirement that we need to be able to replace/append/save existing data while still being able to run this, it will need to be reworked.','1.00','2008-06-20 12:56:55','2008-06-26 12:12:19',2,'in_qc',NULL,17,'users','USER-70'),(71,'Can identify 2 or more page watch URLs for each to...','Can identify 2 or more page watch URLs for each topic\nmulti-pagewatch item in the old system\nuser: admin','1.50','2008-06-20 12:56:55','2008-06-20 12:56:55',5,'new',NULL,3,'page watch','PAGE-71'),(72,'Want to use special characters on web templa...','Want to use special characters on web templates\nuser: admin','2.00','2008-06-20 12:56:55','2008-06-20 12:56:55',5,'new',NULL,3,'web templates','WEBT-72'),(73,'Want to use commercially-developed tools to track paths and us...','Want to use commercially-developed tools to track paths and usage\nOmniture or Web trends tracking.\nuser: admin','2.00','2008-06-20 12:56:55','2008-06-20 12:56:55',5,'new',NULL,3,'web templates','WEBT-73'),(74,'Can CRUD categories to organize top...','Can CRUD categories to organize topics\nRename a category, update a description, change visibility, etc.\nuser: admin','2.00','2008-06-20 12:56:55','2008-06-20 12:56:55',5,'new',NULL,3,'categories','CATE-74'),(75,'Can monitor the progress of their GovDelivery accou...','Can monitor the progress of their GovDelivery accounts\nI want to see metrics related to my account so I can chart progress\nuser: admin','2.00','2008-06-20 12:56:55','2008-06-20 12:56:55',5,'new',NULL,3,'reports','REPO-75'),(76,'Can define which pagewatch and courtesy copy messages I rece...','Can define which pagewatch and courtesy copy messages I receive\nuser: admin','2.00','2008-06-20 12:56:55','2008-06-20 12:56:55',5,'new',NULL,3,'users','USER-76'),(77,'can identify one text/HTML page to wa...','can identify one text/HTML page to watch\nuser: admin','2.00','2008-06-20 12:56:55','2008-06-20 12:56:55',5,'new',NULL,3,'page watch','PAGE-77'),(78,'Can assign topic ownership to 0, 1 or N own...','Can assign topic ownership to 0, 1 or N owners\r\nuser: admin','2.00','2008-06-20 12:56:55','2008-07-01 11:04:36',4,'new',NULL,4,'topics','TOPI-78'),(79,'Want the system to Send welcome new user email for all new administrat...','Want the system to Send welcome new user email for all new administrators\r\nuser: admin\r\n\r\nThe email contains an encrypted link to the system\'s password create page.\r\n\r\n(See Story [USER-107](http://buildbox/travis/stories/107))\r\n\r\nLink expires in 24 hours. For a new user profile, when the link is expired the admin user must be created from scratch. For the reset password scenario, the admin user must start the process over (e.g. access the login page, click reset PW, etc.)\r\n\r\nUse Case:\r\nuser gets set up with account.\r\nthe account has information regarding there email, personal info etc\r\nto personalize there password for the account the user gets the welcome email in the inbox to set up password and make any updates to the their account profile.','2.00','2008-06-20 12:56:55','2008-07-01 15:16:16',3,'new',NULL,9,'mail sender','MAIL-79'),(80,'Want the system to Send welcome new user email for all new subscrib...','Want the system to Send welcome new user email for all new subscribers\r\nuser: admin','2.00','2008-06-20 12:56:55','2008-07-01 10:56:44',4,'new',NULL,4,'mail sender','MAIL-80'),(81,'can manually CRUD tags to it...','can manually CRUD tags to items\r\nuser: admin\r\n\r\nThis is really a Legend story. QC can pass it here once it\'s avail in stage. ','2.00','2008-06-20 12:56:55','2008-06-27 12:18:44',12,'new',NULL,4,'GovDelivery.net','GOVD-81'),(82,'can identify one rss feed to wa...','can identify one rss feed to watch\nuser: admin','2.00','2008-06-20 12:56:55','2008-06-20 12:56:55',5,'new',NULL,3,'page watch','PAGE-82'),(83,'Can manually assign tags to bullet...','Can manually assign tags to bulletins\nIs this really relevant? Why do we need tags here?\nuser: admin','2.00','2008-06-20 12:56:55','2008-06-20 12:56:55',12,'new',NULL,3,'GovDelivery.net','GOVD-83'),(84,'Can see the subscription topics available after I perform a sear...','Can see the subscription topics available after I perform a search.\r\nuser: subscriber\r\n\r\n\r\nWas this part of itr 2?','2.00','2008-06-20 12:56:55','2008-06-27 12:19:26',12,'new',NULL,4,'GovDelivery.net','GOVD-84'),(85,'Want existing topics populated with tags based on an algori...','Want existing topics populated with tags based on an algorithm\r\nuser: admin','2.00','2008-06-20 12:56:55','2008-06-26 14:05:39',12,'in_qc',NULL,6,'GovDelivery.net','GOVD-85'),(86,'Can define default content to include in all bulletins sent to the subscri...','Can define default content to include in all bulletins sent to the subscriber\nuser: admin','2.00','2008-06-20 12:56:55','2008-06-20 12:56:55',5,'new',NULL,3,'bulletins','BULE-86'),(87,'Can select from a library of N templates when I create a newslett...','Can select from a library of N templates when I create a newsletter \nTemplates are pre-populated with graphics, text, and styles\nuser: admin','2.00','2008-06-20 12:56:55','2008-06-20 12:56:56',5,'new',NULL,3,'bulletins','BULE-87'),(88,'Can access templates pre-populated with graphics, text, and styles in a personal directory (available only to th...','Can access templates pre-populated with graphics, text, and styles in a personal directory (available only to them)\nCouncilman Stark\'s newsletter template is prepulated with his picture and a welcome message. It also has a style applied. \nuser: admin','2.00','2008-06-20 12:56:56','2008-06-20 12:56:56',5,'new',NULL,3,'bulletins','BULE-88'),(90,'can override the default quick subscribe page with a custom pag...','can override the default quick subscribe page with a custom page. \nuser: internal admin','2.00','2008-06-20 12:56:56','2008-06-20 12:56:56',5,'new',NULL,3,'accounts','ACOU-90'),(91,'can nest categories in other categor...','can nest categories in other categories\nuser: admin','2.00','2008-06-20 12:56:56','2008-06-20 12:56:56',5,'new',NULL,3,'categories','CATE-91'),(92,'Can CRUD subscriptions to categories when this feature is enabled for the categ...','Can CRUD subscriptions to categories when this feature is enabled for the category\nCRUD subscriptions, includes lock, send welcome messages, etc.\nuser: admin','2.00','2008-06-20 12:56:56','2008-06-20 12:56:56',5,'new',NULL,3,'categories','CATE-92'),(93,'Admin can see a list of all admins associated with an account','When an internal or external admin with user access logs into Evo, they can access a users for that account that have a role < or = their own. \r\n\r\nuser: admin\r\n\r\n* If I\'m an internal admin, I have to select an account before I can see the admins associated with that account.\r\n* After the account is selected, all other activities apply to that account only, not the entire system. \r\n* Show on the UI which account is currently selected. \r\n* Give me the ability to select a different account once one is selected, without logging in again. \r\n* ALso, allow me to get out of an account conmpletely (no account selected). e.g. I can now create another internal admin. \r\n* When an account is selected, and I\'m creating a new user, limit the list of roles to roles availalbe for external users only. (e.g. I can\'t select AccountManager)\r\n* To create an internal user, I can\'t have an account selected','2.00','2008-06-20 12:56:56','2008-06-27 13:54:16',2,'in_qc',NULL,12,'users','USER-93'),(94,'Admins can filter admins to simplify search','The Admin list page allows filtering by role, account, AND email address. \r\n\r\nAND is important because we can filter first by role, then by email address to find a user or group users.\r\n\r\nFilters can be at the account level (e.g. I already selected FBI, so now I can filter the FBI user profiles) or global (e.g. I\'m an internal user and I can see ALL user profiles)\r\n\r\nThe user lists should separate subscribers and admins.\r\n\r\nuser: admin\r\n\r\nplease allow for spaces after or before what keyword or subject the user will be filtering on\r\ncharc or symbols are also allowed','2.00','2008-06-20 12:56:56','2008-07-01 15:20:33',3,'new',NULL,5,'users','USER-94'),(95,'Can view all subscriptions selected by a subscri...','Can view all subscriptions selected by a subscriber\r\nuser: admin','2.00','2008-06-20 12:56:56','2008-07-01 13:02:52',4,'new',NULL,4,'users','USER-95'),(96,'can identify the FROM address for a bulle...','can identify the FROM address for a bulletin\nuser: admin','2.00','2008-06-20 12:56:56','2008-06-20 12:56:56',5,'new',NULL,3,'bulletins','BULE-96'),(97,'can define a list of possible FROM addresses for a bulle...','can define a list of possible FROM addresses for a bulletin\nLimited to only higher-level users, not all users\nuser: admin','2.00','2008-06-20 12:56:56','2008-06-20 12:56:56',5,'new',NULL,3,'bulletins','BULE-97'),(98,'can defined an ad hoc text message for mobile devi...','can defined an ad hoc text message for mobile devices\nuser: admin','2.00','2008-06-20 12:56:56','2008-06-20 12:56:56',5,'new',NULL,3,'bulletins','BULE-98'),(99,'can save a draft of my message for future edit...','can save a draft of my message for future editing\nuser: admin','2.00','2008-06-20 12:56:56','2008-06-20 12:56:56',5,'new',NULL,3,'bulletins','BULE-99'),(100,'can resend a bulletin to some addresses from the rep...','can resend a bulletin to some addresses from the report\nuser: admin','2.00','2008-06-20 12:56:56','2008-06-20 12:56:56',5,'new',NULL,3,'reports','REPO-100'),(101,'can subscribe to one i...','can subscribe to one item\none-click subscribe link, immediately followed by QS page\nuser: subscriber ','2.00','2008-06-20 12:56:56','2008-06-20 12:56:56',5,'new',NULL,3,'subscriptions','SUBS-101'),(102,'Want to publish in RSS1.0, 2.0 and ATOM fe...','Want to publish in RSS1.0, 2.0 and ATOM feeds\nuser: admin','2.00','2008-06-20 12:56:56','2008-06-20 12:56:56',5,'new',NULL,3,'rss feeds','RSFE-102'),(103,'want subscribers to see my bulletin legibly, regardless of email client and client setti...','want subscribers to see my bulletin legibly, regardless of email client and client settings\nmulti-part MIME\nuser: admin','2.00','2008-06-20 12:56:56','2008-06-20 12:56:56',5,'new',NULL,3,'mail sender','MAIL-103'),(104,'want GovDelivery.net search results to comply with partner visibility rules and partner type ru...','want GovDelivery.net search results to comply with partner visibility rules and partner type rules\r\nuser: admin\r\n\r\nWas this part of Itr 2?','2.00','2008-06-20 12:56:56','2008-06-27 12:19:51',12,'new',NULL,4,'GovDelivery.net','GOVD-104'),(105,'want GovDelivery.net search results to comply with topic visibility rul...','want GovDelivery.net search results to comply with topic visibility rules \r\nuser: admin\r\n\r\nWas this Itr 2?','2.00','2008-06-20 12:56:56','2008-06-27 12:20:19',12,'new',NULL,4,'GovDelivery.net','GOVD-105'),(106,'Can CRUD other admin users for an account','An internal or external admin can CRUD other admins if they have the appropriate permissions. \r\n\r\nCan CRUD other admin users for an account\r\nuser: admin','3.00','2008-06-20 12:56:56','2008-07-01 11:58:58',2,'in_progress',NULL,6,'users','USER-106'),(107,'Can change my own password without help from another admin','password must be 8 chars long\r\n\r\n\r\nUse Cases\r\n=========\r\n\r\nNew User Profile Creation\r\n --------------------\r\n\r\n 1. Admin with user creation rights logs into GD\r\n 2. Admin creates new user by entering  email and name (FN/LN)\r\n 3. Admin clicks Save\r\n 4. System creates user profile in disabled state\r\n 5. System generates a secure link to system\'s password create page and displays it to the admin \r\n 6. Admin clicks the link (FUTURE step - send email\r\n[MAIL-79](http://buildbox/travis/stories/79))\r\n 7. System displays the password create page\r\n 8. New Admin creates a password that follows these rules\r\n	* 8 characters long (minimum)\r\n	* Must use 3 of 4 \r\n	* upper case char\r\n	* lower case char\r\n	* number\r\n	* symbol\r\n 9. New Admin clicks Save\r\n 10. System enables the user profile\r\n 11. New Admin is logged into the system\r\n\r\n\r\nUpdate Password for account profie\r\n---------------\r\n\r\n1.  Admin accesses Evo login page\r\n2.  Admin clicks link to recover password\r\n3.  Admin enters email address\r\n4. System generates a secure link to system\'s password create page and displays it to the admin \r\n5. Admin clicks the link (FUTURE step - send email\r\n[MAIL-79](http://buildbox/travis/stories/79))\r\n6. System displays the password create page\r\n7. New Admin creates a password that follows these rules\r\n	* 8 characters long (minimum)\r\n	* Must use 3 of 4 \r\n	* upper case char\r\n	* lower case char\r\n	* number\r\n	* symbol\r\n8. New Admin clicks Save\r\n9. System enables the user profile\r\n10. New Admin is logged into the system\r\n\r\nnote:  Internal Admins can reset passwords of External Admins and any Internal Admin at or below their role.  e.g. SuperUser can access password create page for any SuperUser, AcctMgr, or AcctAdmin...but an AcctAdmin cannot access that page for anyone.\r\n','3.00','2008-06-20 12:56:56','2008-07-01 10:24:44',2,'in_progress',NULL,23,'users','USER-107'),(108,'Can view click-through rates from ALL link in ALL bullet...','Can view click-through rates from ALL link in ALL bulletins\nuser: admin','3.00','2008-06-20 12:56:56','2008-06-20 12:56:56',5,'new',NULL,3,'reports','REPO-108'),(109,'can assign one page watch schedule to a partner, document, page, and/or content bl...','can assign one page watch schedule to a partner, document, page, and/or content block\nuser: admin','3.00','2008-06-20 12:56:56','2008-06-20 12:56:56',5,'new',NULL,3,'page watch','PAGE-109'),(110,'Can view unique and repeat open rates for all bullet...','Can view unique and repeat open rates for all bulletins\nuser: admin','3.00','2008-06-20 12:56:56','2008-06-20 12:56:56',5,'new',NULL,3,'reports','REPO-110'),(111,'Want new pagewatch to be backwards compatible with old page watch sys...','Want new pagewatch to be backwards compatible with old page watch system\nCan simply replace the old one\nuser: internal admin','3.00','2008-06-20 12:56:56','2008-06-20 12:56:56',5,'new',NULL,3,'page watch','PAGE-111'),(112,'Can initiate a bulletin send process from the page watch notification em...','Can initiate a bulletin send process from the page watch notification email\nPage watcher detects a change on an FRB site. The item admin for that site receives an email that contains some links. One link is to the modify item page. The other link is to the send an item bulletin page. Email summarizes the change. \nuser: admin','3.00','2008-06-20 12:56:56','2008-06-20 12:56:56',5,'new',NULL,3,'page watch','PAGE-112'),(113,'Can find subscription topics by keyword associated with the to...','Can find subscription topics by keyword associated with the topic\r\nWhen a subscriber types or clicks \'Health\' system returns 200 topics that are tagged with the \'Health\' keyword. The topics are owned by 20 different partners.\r\nuser: subscriber','3.00','2008-06-20 12:56:56','2008-06-27 12:20:36',12,'new',NULL,4,'GovDelivery.net','GOVD-113'),(114,'Can see active items in descending or...','Can see active items in descending order\nuser: admin','3.00','2008-06-20 12:56:56','2008-06-20 12:56:56',5,'new',NULL,3,'reports','REPO-114'),(115,'Want to embed the GovDelivery.net access on my site\'s pa...','Want to embed the GovDelivery.net access on my site\'s pages\njavascript and iframe access\nuser: admin','3.00','2008-06-20 12:56:56','2008-06-20 12:56:56',12,'new',NULL,3,'GovDelivery.net','GOVD-115'),(116,'Can attach files of any file type to an em...','Can attach files of any file type to an email\nuser: admin','3.00','2008-06-20 12:56:56','2008-06-20 12:56:56',5,'new',NULL,3,'bulletins','BULE-116'),(117,'can list categor...','can list categories\nShows all categories and their hierarchy\nuser: admin','3.00','2008-06-20 12:56:56','2008-06-20 12:56:56',5,'new',NULL,3,'categories','CATE-117'),(118,'Can view and read all bulletins sent to a subscri...','Can view and read all bulletins sent to a subscriber\r\nuser: admin','3.00','2008-06-20 12:56:56','2008-07-01 13:27:36',7,'new',NULL,4,'users','USER-118'),(119,'Want to know how many subscribers have subscribed to a to...','Want to know how many subscribers have subscribed to a topic\nsee subscribers added in date range, total subscribers too\nuser: admin','3.00','2008-06-20 12:56:56','2008-06-20 12:56:56',5,'new',NULL,3,'reports','REPO-119'),(120,'Want to know how many subscribers have unsubscribed from a to...','Want to know how many subscribers have unsubscribed from a topic\nsee subscribers deleted in date range, total subscribers too\nuser: admin','3.00','2008-06-20 12:56:56','2008-06-20 12:56:56',5,'new',NULL,3,'reports','REPO-120'),(121,'Can organize topics into 1-N categor...','Can organize topics into 1-N categories\r\nuser: admin','3.00','2008-06-20 12:56:56','2008-07-01 11:16:09',4,'new',NULL,4,'topics','TOPI-121'),(122,'can preview a bulletin before I send...','can preview a bulletin before I send it\nuser: admin ','3.00','2008-06-20 12:56:56','2008-06-20 12:56:56',5,'new',NULL,3,'bulletins','BULE-122'),(123,'can send a test message to addresses I define. They don\'t need to be subscribers in the syst...','can send a test message to addresses I define. They don\'t need to be subscribers in the system.\nuser: admin','3.00','2008-06-20 12:56:56','2008-06-20 12:56:56',5,'new',NULL,3,'bulletins','BULE-123'),(124,'can organize subscriber addresses into mailing li...','can organize subscriber addresses into mailing lists\nuser: admin','3.00','2008-06-20 12:56:56','2008-06-20 12:56:56',5,'new',NULL,3,'bulletin addresses','BULE-124'),(125,'need to see a count of topics for my acco...','need to see a count of topics for my account\nsee topics added in date range, deleted in date range, total topics, etc.\nuser: admin','3.00','2008-06-20 12:56:56','2008-06-20 12:56:56',5,'new',NULL,3,'reports','REPO-125'),(126,'click-through rate by to...','click-through rate by topic\nuser: admin','3.00','2008-06-20 12:56:56','2008-06-20 12:56:56',5,'new',NULL,3,'reports','REPO-126'),(127,'wants to see a list of topics being watc...','wants to see a list of topics being watched\nuser: admin','3.00','2008-06-20 12:56:56','2008-06-20 12:56:56',5,'new',NULL,3,'reports','REPO-127'),(128,'wants to see page watch metrics: changes detected, total detected changes, total err...','wants to see page watch metrics: changes detected, total detected changes, total errors\nuser: admin','3.00','2008-06-20 12:56:56','2008-06-20 12:56:56',5,'new',NULL,3,'reports','REPO-128'),(129,'can access the links I need to embed on my site to support subscripti...','can access the links I need to embed on my site to support subscriptions\r\none click and quicksubscribe page links\r\nuser: admin','3.00','2008-06-20 12:56:56','2008-07-01 11:16:32',5,'new',NULL,4,'topics','TOPI-129'),(130,'can receive content from GovDelivery on a wireless dev...','can receive content from GovDelivery on a wireless device\nuser: subscriber ','3.00','2008-06-20 12:56:56','2008-06-20 12:56:56',5,'new',NULL,3,'users','USER-130'),(131,'Can send a bulletin to subscribers of one, N, or all topics. Also, send to one, N or all mailing lists. Also, send to subscribers who answer one, N or all questions. Or any combination or the prec...','Can send a bulletin to subscribers of one, N, or all topics. Also, send to one, N or all mailing lists. Also, send to subscribers who answer one, N or all questions. Or any combination or the preceding\nuser: admin','4.00','2008-06-20 12:56:56','2008-06-20 12:56:56',5,'new',NULL,3,'bulletins','BULE-131'),(132,'Admin can assign security permissions to other admins','When an internal or external admin with the proper permissions is logged into Evo, they can update a user profile and assign roles and permissions to the admin with a role < or = to their own. \r\n\r\n\r\nCan assign security permissions to a user\r\nuser: admin\r\n\r\nUse Case:\r\ncategory admin logs in to EVO\r\nviews the account home page\r\nonly has rights to create another cat. admin,topic admin or report admin\r\nselects the role and responsibilities afflicted with the role \r\nsaves information and returns to account home page\r\n\r\n\r\n','4.00','2008-06-20 12:56:56','2008-07-01 15:23:27',3,'new',NULL,5,'users','USER-132'),(133,'Limited to functionality enabled for my acco...','limited to functionality enabled for my account\r\nuser: admin','4.00','2008-06-20 12:56:56','2008-07-01 13:50:29',3,'new',NULL,6,'users','USER-133'),(134,'Subscribers can delete their user profile','Can delete my user profile\r\nuser: subscriber\r\n\r\n\r\nSubscribers should have the ability to delete their profile and all of their subscriptions as one task. For example, I have 5 profiles for 5 accounts, all with the same email address should be deleted from all accounts at once. We need to verify this reqt with the Account Managers before we implement it. \r\n\r\n','4.00','2008-06-20 12:56:56','2008-06-26 12:46:23',5,'new',NULL,4,'users','USER-134'),(135,'Can verify the page watch content is accessible from within the...','Can verify the page watch content is accessible from within the UI\r\nuser: admin','4.00','2008-06-20 12:56:56','2008-07-01 13:44:01',11,'new',NULL,4,'topics','TOPI-135'),(136,'Can use ludicrous mailer for evolution data mo...','Can use ludicrous mailer for evolution data model\nuser: internal admin','4.00','2008-06-20 12:56:56','2008-06-20 12:56:56',5,'new',NULL,3,'mail sender','MAIL-136'),(137,'can filter the recipients of a bulletin based on their responses to questi...','can filter the recipients of a bulletin based on their responses to questions\nuser: admin','4.00','2008-06-20 12:56:56','2008-06-20 12:56:56',5,'new',NULL,3,'bulletin addresses','BULE-137'),(138,'want all bulletins published to an rss feed when this feature is active for my acco...','want all bulletins published to an rss feed when this feature is active for my account\nuser: admin','4.00','2008-06-20 12:56:56','2008-06-20 12:56:56',5,'new',NULL,3,'rss feeds','RSFE-138'),(139,'can modify the header (GovDelivery term) of a bulletin, in text or h...','can modify the header (GovDelivery term) of a bulletin, in text or html\nheader appears above the body in an email client. Some ESPs use it for  \"If you can\'t read this message, click here to see it in a web page\"\nuser: admin','4.00','2008-06-20 12:56:56','2008-06-20 12:56:56',5,'new',NULL,3,'bulletins','BULE-139'),(140,'can modify the footer of a bulletin, in text or h...','can modify the footer of a bulletin, in text or html\nfooter appears below the body in an email client. This is required for SPAM compliance. We will have this populate with CAN-SPAM required content for all bulletins, but it can be edited\nuser: admin','4.00','2008-06-20 12:56:56','2008-06-20 12:56:56',5,'new',NULL,3,'bulletins','BULE-140'),(141,'want to include the page change in the email I create for a pagewatch detected cha...','want to include the page change in the email I create for a pagewatch detected change\nuser: admin','4.00','2008-06-20 12:56:56','2008-06-20 12:56:56',5,'new',NULL,3,'bulletins','BULE-141'),(142,'Am notified when the text/HTML page chan...','Am notified when the text/HTML page changes\nuser: admin','5.00','2008-06-20 12:56:56','2008-06-20 12:56:56',5,'new',NULL,3,'page watch','PAGE-142'),(143,'Can change my delivery preferences after my profile is crea...','Can change my delivery preferences after my profile is created\nDigesting, subscriptions, password\nuser: subscriber','5.00','2008-06-20 12:56:56','2008-06-20 12:56:56',5,'new',NULL,3,'users','USER-143'),(144,'must create a custom schedule for each new partner that wants to use page wa...','must create a custom schedule for each new partner that wants to use page watch\nAt 9am, system completes queueing of 1000 pages in 1min. System watches all 1K pages by 9:06\nuser: internal admin','5.00','2008-06-20 12:56:56','2008-06-20 12:56:56',5,'new',NULL,3,'page watch','PAGE-144'),(145,'Provide filters to limit subscription options after results are returned based on partner properties','Provide filters to limit subscription options after results are returned based on partner properties. This includes:\r\n\r\nType, Geography and Domain type filters\r\n\r\nuser: subscriber','3.00','2008-06-20 12:56:56','2008-07-01 14:15:39',12,'in_progress',NULL,7,'GovDelivery.net','GOVD-145'),(146,'Attachments must be checked for viruses before being stored in database or forwarded to subscribe...','Attachments must be checked for viruses before being stored in database or forwarded to subscribers.\nuser: admin','5.00','2008-06-20 12:56:56','2008-06-20 12:56:56',5,'new',NULL,3,'bulletins','BULE-146'),(147,'need to track bulletins sent through GovDeliv...','need to track bulletins sent through GovDelivery\ntotal count, total count by date range, successful, failed, retried\nuser: admin','5.00','2008-06-20 12:56:56','2008-06-20 12:56:56',5,'new',NULL,3,'reports','REPO-147'),(148,'can retreive messages sent to me from a web accessible p...','can retreive messages sent to me from a web accessible page\nuser: subscriber ','5.00','2008-06-20 12:56:56','2008-06-20 12:56:56',5,'new',NULL,3,'subscriptions','SUBS-148'),(149,'can review transactional messages sent for my accou...','can review transactional messages sent for my account.\npagewatch, courtesy copy and error messages availalble in one place.\nuser: admin','6.00','2008-06-20 12:56:56','2008-06-20 12:56:56',5,'new',NULL,3,'page watch','PAGE-149'),(150,'Can see the content of bulletins sent from the system before I subscribe to that to...','Can see the content of bulletins sent from the system before I subscribe to that topic\nGovDelivery.net returns bulletin and topic results for a keyword. Subscriber can click a bulletin to see its content to determine if the related topics are interesting.\nuser: subscriber','6.00','2008-06-20 12:56:56','2008-06-20 12:56:56',5,'new',NULL,3,'bulletins','BULE-150'),(151,'Can find Accounts based on search criteria ','Can find partners based on criteria\r\nFeatures Report\r\nuser: internal admin','6.00','2008-06-20 12:56:56','2008-06-26 12:20:52',5,'new',NULL,4,'accounts','ACOU-151'),(152,'want the system to use mail authentication technologies to ensure my bulletins are delive...','want the system to use mail authentication technologies to ensure my bulletins are delivered\nuser: admin','6.00','2008-06-20 12:56:56','2008-06-20 12:56:56',5,'new',NULL,3,'mail sender','MAIL-152'),(153,'I can migrate to new Evo platform from the old one and the links on my pages will not need to be upda...','I can migrate to new Evo platform from the old one and the links on my pages will not need to be updated\r\nI have 50 pages tagged with GovDelivery links. I don\'t want to update them when I start using the new system\r\nuser: admin','7.00','2008-06-20 12:56:56','2008-07-01 13:43:23',11,'new',NULL,4,'topics','TOPI-153'),(154,'Want to view reporting data for a specified date ra...','Want to view reporting data for a specified date range\nuser: admin','8.00','2008-06-20 12:56:56','2008-06-20 12:56:56',5,'new',NULL,3,'reports','REPO-154'),(155,'can access a list of subscriptions offered by an acco...','can access a list of subscriptions offered by an account\r\ndirect access to quicksubscribe page (multi-subscribe) link\r\nuser: subscriber ','9.00','2008-06-20 12:56:56','2008-07-01 11:02:32',4,'new',NULL,4,'subscriptions','SUBS-155'),(156,'With a disability can access and use all features of the platf...','With a disability can access and use all features of the platform\nblind, physical handicap, etc.\nuser: admin','10.00','2008-06-20 12:56:56','2008-06-20 12:56:56',5,'new',NULL,3,'user interface','USER-156'),(157,'will be notified when the rss feed chan...','will be notified when the rss feed changes\nuser: admin','10.00','2008-06-20 12:56:56','2008-06-20 12:56:56',5,'new',NULL,3,'page watch','PAGE-157'),(158,'can create a re-usable templ...','can create a re-usable template\nAdmin accesses Councilman Stark\'s newsletter template from a list of templates that they modified in previous sessions.\nuser: admin','10.00','2008-06-20 12:56:56','2008-06-20 12:56:56',5,'new',NULL,3,'bulletins','BULE-158'),(159,'Can see UNIQUE and REPEAT click-throughs for ALL links in ALL bulletins\nDNS Proposed Revision: Can see UNIQUE and REPEAT click-throughs for SELECT links in ALL bulletins for Partners with click-th...','Can see UNIQUE and REPEAT click-throughs for ALL links in ALL bulletins\nDNS Proposed Revision: Can see UNIQUE and REPEAT click-throughs for SELECT links in ALL bulletins for Partners with click-through tracking enabled.\nuser: admin','10.00','2008-06-20 12:56:56','2008-06-20 12:56:56',5,'new',NULL,3,'bulletins','BULE-159'),(160,'Can see UNIQUE and REPEAT opens for all bullet...','Can see UNIQUE and REPEAT opens for all bulletins\nuser: admin','10.00','2008-06-20 12:56:56','2008-06-20 12:56:56',5,'new',NULL,3,'bulletins','BULE-160'),(161,'want to identify images, text and other default information for the part...','want to identify images, text and other default information for the partner\nUpload or identify a URL for a banner image that appears on the subscriber-facing pages.\nuser: internal admin','10.00','2008-06-20 12:56:56','2008-06-20 12:56:56',5,'new',NULL,3,'accounts','ACOU-161'),(162,'Want to see flash reports, even if they use a new data mo...','Want to see flash reports, even if they use a new data model\nuser: admin','10.00','2008-06-20 12:56:56','2008-06-20 12:56:56',5,'new',NULL,3,'reports','REPO-162'),(163,'can modify text, page flow, and layout of all web templates for an account, without creating new template fi...','can modify text, page flow, and layout of all web templates for an account, without creating new template files\nuser: internal admin','10.00','2008-06-20 12:56:56','2008-06-20 12:56:56',5,'new',NULL,3,'web templates','WEBT-163'),(164,'can access detailed help about feature in the platf...','can access detailed help about feature in the platform\ncontext-level help (field by field)\nuser: admin','10.00','2008-06-20 12:56:56','2008-06-20 12:56:56',5,'new',NULL,3,'user interface','USER-164'),(165,'Can CRUD subscriber users for an acco...','Can CRUD subscriber users for an account\nuser: admin',NULL,'2008-06-20 12:56:56','2008-06-20 12:56:56',NULL,'new',NULL,2,'users','USER-165'),(166,'Can create ad hoc text ema...','Can create ad hoc text emails\nuser: admin',NULL,'2008-06-20 12:56:56','2008-06-20 12:56:56',NULL,'new',NULL,2,'bulletins','BULE-166'),(167,'Want to know which email addresses I sent a bulletin...','Want to know which email addresses I sent a bulletin to\nA subscriber says they didn\'t receive a bulletin, I want an audit trail\nuser: admin',NULL,'2008-06-20 12:56:56','2008-06-20 12:56:56',NULL,'new',NULL,2,'bulletin addresses','BULE-167'),(168,'Want to select the frequency with which I receive emails from a GovDelivery acco...','Want to select the frequency with which I receive emails from a GovDelivery account\nuser: subscriber',NULL,'2008-06-20 12:56:56','2008-06-20 12:56:56',NULL,'new',NULL,2,'digest','DIGE-168'),(169,'Can identify partner site pages to be watc...','Can identify partner site pages to be watched\r\nuser: admin',NULL,'2008-06-20 12:56:56','2008-07-01 13:42:53',11,'new',NULL,3,'topics','TOPI-169'),(170,'Can add N subscribers to a to...','Can add N subscribers to a topic\r\nN must be >1 million\r\nuser: admin',NULL,'2008-06-20 12:56:56','2008-07-01 11:45:56',5,'new',NULL,3,'topics','TOPI-170'),(171,'Can prevent some subscribers from deleting their subscription...','Can prevent some subscribers from deleting their subscriptions. \nuser: admin',NULL,'2008-06-20 12:56:56','2008-06-20 12:56:56',NULL,'new',NULL,2,'locked subscription','LOCK-171'),(172,'Can access topics from multple partners at one t...','Can access topics from multple partners at one time\nuser: subscriber',NULL,'2008-06-20 12:56:56','2008-06-20 12:56:56',NULL,'new',NULL,2,'network','NETW-172'),(173,'Recover from abnormal failure (Kill-9) when no crashlog exists (Inject Mail...','Recover from abnormal failure (Kill-9) when no crashlog exists (Inject Mailer)\nMail send fails',NULL,'2008-06-20 12:56:56','2008-06-20 12:56:56',NULL,'new',NULL,2,'mail sender','MAIL-173'),(174,'Can CRUD subscribers to a docum...','Can CRUD subscribers to a document\r\nuser: admin',NULL,'2008-06-20 12:56:56','2008-07-01 11:13:59',5,'new',NULL,3,'topics','TOPI-174'),(175,'Can request information, besides email and other subscriber data, from subscrib...','Can request information, besides email and other subscriber data, from subscribers\nuser: admin',NULL,'2008-06-20 12:56:56','2008-06-20 12:56:56',NULL,'new',NULL,2,'questions','QUES-175'),(176,'Can identify delivery rules for specified domains. For example, only users with a .gov email address can subscribe to a top...','Can identify delivery rules for specified domains. For example, only users with a .gov email address can subscribe to a topic.\nuser: admin',NULL,'2008-06-20 12:56:56','2008-06-20 12:56:56',NULL,'new',NULL,2,'restrictions','REST-176'),(177,'Can define functionality access to other administrat...','Can define functionality access to other administrators\r\nuser: admin',NULL,'2008-06-20 12:56:56','2008-07-01 11:50:28',3,'new',NULL,3,'users','USER-177'),(178,'Can subscribe to topics I am interested...','Can subscribe to topics I am interested in\r\nuser: subscriber',NULL,'2008-06-20 12:56:56','2008-07-01 12:52:41',4,'new',NULL,3,'subscriptions','SUBS-178'),(179,'Can subscribe to topics offered by one or more partn...','Can subscribe to topics offered by one or more partners\nuser: subscriber',NULL,'2008-06-20 12:56:56','2008-06-20 12:56:56',5,'new',NULL,3,'web templates','WEBT-179'),(180,'Can have more access to features when compared to other administrat...','Can have more access to features when compared to other administrators\r\nuser: admin',NULL,'2008-06-20 12:56:56','2008-07-01 11:51:33',3,'new',NULL,3,'users','USER-180'),(181,'can define rights for all admin ro...','can define rights for all admin roles\r\nall partner admins have rights A, B, and C. Category Admins get rights B, C, and D\r\nuser: internal admin',NULL,'2008-06-20 12:56:56','2008-07-01 11:20:57',3,'new',NULL,3,'users','USER-181'),(182,'Can determine if a subscriber must confirm their subscription (D...','Can determine if a subscriber must confirm their subscription (DOI)\r\nuser: internal admin',NULL,'2008-06-20 12:56:56','2008-07-01 12:57:50',4,'new',NULL,3,'subscriptions','SUBS-182'),(183,'Can find topics from one partner by keyw...','Can find topics from one partner by keyword\r\nuser: subscriber',NULL,'2008-06-20 12:56:56','2008-07-01 12:52:05',4,'new',NULL,4,'subscriptions','SUBS-183'),(184,'Can create ad hoc HTML-formatted ema...','Can create ad hoc HTML-formatted emails\nuser: admin',NULL,'2008-06-20 12:56:56','2008-06-20 12:56:56',NULL,'new',NULL,2,'bulletins','BULE-184'),(185,'Want to receive my emails in an rss f...','Want to receive my emails in an rss feed\nuser: subscriber',NULL,'2008-06-20 12:56:56','2008-06-20 12:56:56',NULL,'new',NULL,2,'rss feeds','RSFE-185'),(186,'Can receive GovDelivery-delivered updates in an rss f...','Can receive GovDelivery-delivered updates in an rss feed\nuser: subscriber',NULL,'2008-06-20 12:56:56','2008-06-20 12:56:56',NULL,'new',NULL,2,'users','USER-186'),(187,'Can see aggregate open, click, subscriber, etc. data from all production partn...','Can see aggregate open, click, subscriber, etc. data from all production partners\nSubscribers, bulletins sent\nuser: internal admin',NULL,'2008-06-20 12:56:56','2008-06-20 12:56:56',NULL,'new',NULL,2,'reports','REPO-187'),(188,'Can find topics from >1 partner by keyw...','Can find topics from >1 partner by keyword\r\nParks, Health, News, etc.\r\nuser: subscriber',NULL,'2008-06-20 12:56:56','2008-07-01 12:58:27',4,'new',NULL,4,'subscriptions','SUBS-188'),(189,'Want to customize email templates for my account (text on...','Want to customize email templates for my account (text only)\nuser: admin',NULL,'2008-06-20 12:56:56','2008-06-20 12:56:56',NULL,'new',NULL,2,'email templates','EMAI-189'),(190,'can view page watch success/failure statist...','can view page watch success/failure statistics\nWatch times, status\nuser: admin',NULL,'2008-06-20 12:56:57','2008-06-20 12:56:57',NULL,'new',NULL,2,'page watch','PAGE-190'),(191,'Want to be notified of a change on binary watched p...','Want to be notified of a change on binary watched page\nuser: admin',NULL,'2008-06-20 12:56:57','2008-06-20 12:56:57',NULL,'new',NULL,2,'page watch','PAGE-191'),(192,'Can send a bulletin to subscribers of a to...','Can send a bulletin to subscribers of a topic\r\nuser: admin',NULL,'2008-06-20 12:56:57','2008-07-01 11:46:47',6,'new',NULL,3,'topics','TOPI-192'),(193,'Can identify N parts of a page to watch (content blo...','Can identify N parts of a page to watch (content block)\nMy web page has a counter. The counter updates every few minutes, I do not want to be updated of those changes every few minutes, only when the identified section of the page changes. \nuser: admin',NULL,'2008-06-20 12:56:57','2008-06-20 12:56:57',NULL,'new',NULL,2,'topics','TOPI-193'),(194,'Want to require administrators of some accounts to use complex passwo...','Want to require administrators of some accounts to use complex passwords\nuser: internal admin',NULL,'2008-06-20 12:56:57','2008-06-20 12:56:57',NULL,'new',NULL,2,'accounts','ACOU-194'),(195,'Want to identify partners that expire administrator passwords and the expiration inter...','Want to identify partners that expire administrator passwords and the expiration interval\nExpire every N days\nuser: internal admin',NULL,'2008-06-20 12:56:57','2008-06-20 12:56:57',NULL,'new',NULL,2,'accounts','ACOU-195'),(196,'Can access all partners and all data in the platf...','Can access all partners and all data in the platform\nSuperUser\nuser: internal admin',NULL,'2008-06-20 12:56:57','2008-06-20 12:56:57',NULL,'new',NULL,2,'accounts','ACOU-196'),(197,'Can access a limited set of partners and data in the platf...','Can access a limited set of partners and data in the platform\nAccount Managers/Salespeople\nuser: internal admin',NULL,'2008-06-20 12:56:57','2008-06-20 12:56:57',NULL,'new',NULL,2,'users','USER-197'),(198,'Want to protect my account by being forced to use a complex passwo...','Want to protect my account by being forced to use a complex passwords\nuser: internal admin',NULL,'2008-06-20 12:56:57','2008-06-20 12:56:57',NULL,'new',NULL,2,'accounts','ACOU-198'),(199,'Can recover an accidentely deleted partner acco...','Can recover an accidentely deleted partner account\nuser: internal admin',NULL,'2008-06-20 12:56:57','2008-06-20 12:56:57',NULL,'new',NULL,2,'accounts','ACOU-199'),(200,'Can delete a subscriber and all associated subscripti...','Can delete a subscriber and all associated subscriptions\r\nuser: internal admin',NULL,'2008-06-20 12:56:57','2008-07-01 12:49:53',7,'new',NULL,4,'users','USER-200'),(201,'Want to be able to send a recorded voice message to the subscribers to my topics so that I can keep them informed about news and emergenci...','Want to be able to send a recorded voice message to the subscribers to my topics so that I can keep them informed about news and emergencies.\nuser: admin',NULL,'2008-06-20 12:56:57','2008-06-20 12:56:57',NULL,'new',NULL,2,'multi-modal','MULT-201'),(202,'Want to be able to send an SMS message to the subscribers to my topics so that I can keep them informed about news and emergencies in whatever medium they choo...','Want to be able to send an SMS message to the subscribers to my topics so that I can keep them informed about news and emergencies in whatever medium they choose.\nuser: admin',NULL,'2008-06-20 12:56:57','2008-06-20 12:56:57',NULL,'new',NULL,2,'multi-modal','MULT-202'),(203,'Want to be able to select my delivery option -- SMS, Fax, Phone, email, rss -- for each topic because information sent for some topics, like emergency, will be more timely than othe...','Want to be able to select my delivery option -- SMS, Fax, Phone, email, rss -- for each topic because information sent for some topics, like emergency, will be more timely than others.\nuser: subscriber',NULL,'2008-06-20 12:56:57','2008-06-20 12:56:57',NULL,'new',NULL,2,'multi-modal','MULT-203'),(204,'Want to be able to select my delivery option -- SMS, Fax, Phone, email, rss -- for each message type because information sent for some topics, like emergency, will be more timely than othe...','Want to be able to select my delivery option -- SMS, Fax, Phone, email, rss -- for each message type because information sent for some topics, like emergency, will be more timely than others.\nuser: subscriber',NULL,'2008-06-20 12:56:57','2008-06-20 12:56:57',NULL,'new',NULL,2,'multi-modal','MULT-204'),(205,'Want to be able to send a variety of delivery options to the same topic, depending on the message, so that I can use the best delivery option for the timliness of the message. For example, emergen...','Want to be able to send a variety of delivery options to the same topic, depending on the message, so that I can use the best delivery option for the timliness of the message. For example, emergencies may be sent via phone, while news is sent via email. \nuser: admin',NULL,'2008-06-20 12:56:57','2008-06-20 12:56:57',NULL,'new',NULL,2,'multi-modal','MULT-205'),(206,'Want to know the cost of each message based on the delivery option so that I can make the best decision about how to send the message and via which delivery option and I can keep my costs low...','Want to know the cost of each message based on the delivery option so that I can make the best decision about how to send the message and via which delivery option and I can keep my costs low.  \nuser: admin',NULL,'2008-06-20 12:56:57','2008-06-20 12:56:57',NULL,'new',NULL,2,'multi-modal','MULT-206'),(207,'Want to be able to track my monthly sending units so that I don\'t exceed my message delivery budge...','Want to be able to track my monthly sending units so that I don\'t exceed my message delivery budget. \nuser: admin',NULL,'2008-06-20 12:56:57','2008-06-20 12:56:57',NULL,'new',NULL,2,'multi-modal','MULT-207'),(208,'Need to be able to determine the monthly sending budget for the client so that GovDelivery can control message sending costs through a third pa...','Need to be able to determine the monthly sending budget for the client so that GovDelivery can control message sending costs through a third party\nFor example, CDC agrees to 20K sending units per month at a cost of $.10 per unit (i.e. .10 * 20K = $2K/Mo.), while St Louis Park, MN agrees to 500 sending units per month at a cost of $.15 per unit (i.e. .15 * 20K = $75/Mo.)\nuser: internal admin',NULL,'2008-06-20 12:56:57','2008-06-20 12:56:57',NULL,'new',NULL,2,'multi-modal','MULT-208'),(209,'Want to accumulate unused sending units and carry them over from month-to-month and year-to-year so that I can keep my costs under control and be able to send to more people in the case of an unex...','Want to accumulate unused sending units and carry them over from month-to-month and year-to-year so that I can keep my costs under control and be able to send to more people in the case of an unexpected emergency or event. \nuser: admin',NULL,'2008-06-20 12:56:57','2008-06-20 12:56:57',NULL,'new',NULL,2,'multi-modal','MULT-209'),(210,'Want the ability to acquire more sending units on the fly in the case where I need to send a message but I have exceeded my sending unit budget so that I can be sure I get an important message ou...','Want the ability to acquire more sending units on the fly in the case where I need to send a message but I have exceeded my sending unit budget so that I can be sure I get an important message out. \nuser: admin',NULL,'2008-06-20 12:56:57','2008-06-20 12:56:57',NULL,'new',NULL,2,'multi-modal','MULT-210'),(211,'Can see reports for topics that I own so that I can determine goals for my use of GovDelive...','Can see reports for topics that I own so that I can determine goals for my use of GovDelivery.\nIncrease subscriber counts, increase click throughs, decrease unsubscribes.\nuser: admin',NULL,'2008-06-20 12:56:57','2008-06-20 12:56:57',NULL,'new',NULL,2,'users','USER-211'),(212,'Can add role options and create new roles that accommodate my client\'s needs\nDNS: Roles, or righ...','Can add role options and create new roles that accommodate my client\'s needs\nDNS: Roles, or rights?\nDoD wants to limit who can see subscriber addresses.\nuser: internal admin',NULL,'2008-06-20 12:56:57','2008-06-20 12:56:57',NULL,'new',NULL,2,'users','USER-212'),(213,'Can manage my account user profiles from one page, regardless of how many subscriptions I h...','Can manage my account user profiles from one page, regardless of how many subscriptions I have\nDelete profile from all accounts. Single user record (user name and password)\nuser: subscriber',NULL,'2008-06-20 12:56:57','2008-06-20 12:56:57',NULL,'new',NULL,2,'network','NETW-213'),(214,'Can make documents available to any account (one-by-one or all) not just my acco...','Can make documents available to any account (one-by-one or all) not just my account\nuser: admin',NULL,'2008-06-20 12:56:57','2008-06-20 12:56:57',NULL,'new',NULL,2,'network','NETW-214'),(215,'Can limit documents available on other account sites to partners I ident...','Can limit documents available on other account sites to partners I identify\nI have 45 topics, only 5 of them should be offered by other accounts in my networks\nuser: admin',NULL,'2008-06-20 12:56:57','2008-06-20 12:56:57',NULL,'new',NULL,2,'network','NETW-215'),(216,'Can identify accounts whose documents appear on another partner\'s s...','Can identify accounts whose documents appear on another partner\'s site\nThe Stearns County network can support items from Avon, Collegeville, St. Cloud, St. Joseph, etc. At the same time, the St. Cloud network can support items from Stearns County, Benton County, and Sherbourne county. In other words, a clients network is unique. It doesnt need to match the network of other clients. Even if the clients items are offered in one  N networks. \nuser: internal admin',NULL,'2008-06-20 12:56:57','2008-06-20 12:56:57',5,'new',NULL,3,'network','NETW-216'),(217,'Admins can CRUD N topics for account','Can create N topics for my account\r\nN must be >8K (FAA use case), and ideally >10K\r\n\r\nTopics are owned by 1 account\r\nAccounts can have 0 topics\r\nAccounts can have 10K topics\r\nTopic contains name, short name, code, keywords, description, pagewatch URL, pagewatch on/off flag, visibility.\r\n\r\nShow who created and last updated the topic.\r\n\r\n\r\nuser: admin\r\n\r\nBTB 200806236 Please SWAG this story',NULL,'2008-06-20 12:56:57','2008-07-01 13:51:38',3,'new',NULL,6,'topics','TOPI-217'),(218,'Can activate page watch in bulk for many top...','Can activate page watch in bulk for many topics\nuser: admin',NULL,'2008-06-20 12:56:57','2008-06-20 12:56:57',NULL,'new',NULL,2,'page watch','PAGE-218'),(219,'Can determine if previously watched content will be cleared when page watch resu...','Can determine if previously watched content will be cleared when page watch resumes\nclear the cache after a site redesign. All subscribers notified once, then regular PW resumes\nuser: admin',NULL,'2008-06-20 12:56:57','2008-06-20 12:56:57',NULL,'new',NULL,2,'page watch','PAGE-219'),(220,'Want a default set of pagewatch schedule for each partner, document, page, and/or content bl...','Want a default set of pagewatch schedule for each partner, document, page, and/or content block\nhalf-past the hour, 5, 10, 15, 20, 30 mins, 1, 4, 8 (midnight, 8am, 4pm), 12 hr (midnight, noon)\nuser: internal admin',NULL,'2008-06-20 12:56:57','2008-06-20 12:56:57',NULL,'new',NULL,2,'page watch','PAGE-220'),(221,'can define a reusable custom page watch sched...','can define a reusable custom page watch schedule\nWatch every hour at 10 minute intervals at 1, 11, 21, 31, 41, and 51\nuser: admin',NULL,'2008-06-20 12:56:57','2008-06-20 12:56:57',NULL,'new',NULL,2,'page watch','PAGE-221'),(222,'want the System to store watched data for 90 days for audit purpo...','want the System to store watched data for 90 days for audit purposes\nuser: admin',NULL,'2008-06-20 12:56:57','2008-06-20 12:56:57',NULL,'new',NULL,2,'page watch','PAGE-222'),(223,'GovDelivery Administrators can review stored watch d...','GovDelivery Administrators can review stored watch data\nWhat are differences between 6:00 and 6:02 change notices?',NULL,'2008-06-20 12:56:57','2008-06-20 12:56:57',NULL,'new',NULL,2,'page watch','PAGE-223'),(224,'Subscribers can subscribe to a content bl...','Subscribers can subscribe to a content block',NULL,'2008-06-20 12:56:57','2008-06-20 12:56:57',NULL,'new',NULL,2,'page watch','PAGE-224'),(225,'Can subscribe to a content bl...','Can subscribe to a content block\nuser: subscriber',NULL,'2008-06-20 12:56:57','2008-06-20 12:56:57',NULL,'new',NULL,2,'users','USER-225'),(226,'When document is Page Watch, Multiple URLs, show edition options DNS: This whole multi-URL concept needs a thorough review.  I would guess that 98%+ of PW items are single-URL.  Multi-URL had it\'...','When document is Page Watch, Multiple URLs, show edition options\r\n\r\nDNS: This whole multi-URL concept needs a thorough review.  I would guess that 98%+ of PW items are single-URL.  Multi-URL had it\'s genesis in content management, and I wonder how necessary it is in a non-CM GovDelivery.  Julie and Sara will be valuable in describing the need here.',NULL,'2008-06-20 12:56:57','2008-07-01 11:53:45',6,'new',NULL,3,'topics','TOPI-226'),(227,'Page watch settings at Content Block level are limited to Category Admin role and ab...','Page watch settings at Content Block level are limited to Category Admin role and above',NULL,'2008-06-20 12:56:57','2008-06-20 12:56:57',NULL,'new',NULL,2,'page watch','PAGE-227'),(228,'needs to notify subscribers of changes on their page at a specific t...','needs to notify subscribers of changes on their page at a specific time\nFederal Reserve Board\nuser: admin',NULL,'2008-06-20 12:56:57','2008-06-20 12:56:57',NULL,'new',NULL,2,'page watch','PAGE-228'),(229,'GovDelivery Administrators can activate page watch t...','GovDelivery Administrators can activate page watch tidy',NULL,'2008-06-20 12:56:57','2008-06-20 12:56:57',NULL,'new',NULL,2,'page watch','PAGE-229'),(230,'When page watch tidy is active, the system does not send page watch alerts for minor, CMS-initiated page chan...','When page watch tidy is active, the system does not send page watch alerts for minor, CMS-initiated page changes',NULL,'2008-06-20 12:56:57','2008-06-20 12:56:57',NULL,'new',NULL,2,'page watch','PAGE-230'),(231,'Administrators can activate page watch for the content bl...','Administrators can activate page watch for the content block',NULL,'2008-06-20 12:56:57','2008-06-20 12:56:57',NULL,'new',NULL,2,'page watch','PAGE-231'),(232,'Can assign content block ownership to 0, 1 or N own...','Can assign content block ownership to 0, 1 or N owners\nuser: admin',NULL,'2008-06-20 12:56:57','2008-06-20 12:56:57',NULL,'new',NULL,2,'topics','TOPI-232'),(233,'GovDelivery Administrators can activate Content Blocks for a part...','GovDelivery Administrators can activate Content Blocks for a partner',NULL,'2008-06-20 12:56:57','2008-06-20 12:56:57',NULL,'new',NULL,2,'page watch','PAGE-233'),(234,'can categorize content blo...','can categorize content blocks\nuser: admin',NULL,'2008-06-20 12:56:57','2008-06-20 12:56:57',NULL,'new',NULL,2,'categories','CATE-234'),(235,'want, by default, content blocks to be in the same category as the parent to...','want, by default, content blocks to be in the same category as the parent topic\nuser: admin',NULL,'2008-06-20 12:56:57','2008-06-20 12:56:57',NULL,'new',NULL,2,'categories','CATE-235'),(236,'Content block can be created through a non-UI interf...','Content block can be created through a non-UI interface',NULL,'2008-06-20 12:56:57','2008-06-20 12:56:57',NULL,'new',NULL,2,'page watch','PAGE-236'),(237,'Content block schedule, page watch, and auto send settings can be set through a non-UI interf...','Content block schedule, page watch, and auto send settings can be set through a non-UI interface',NULL,'2008-06-20 12:56:57','2008-06-20 12:56:57',NULL,'new',NULL,2,'page watch','PAGE-237'),(238,'Content block name, description, tag, page watch, auto send, and schedule settings can be returned in a non-UI interf...','Content block name, description, tag, page watch, auto send, and schedule settings can be returned in a non-UI interface',NULL,'2008-06-20 12:56:57','2008-06-20 12:56:57',NULL,'new',NULL,2,'page watch','PAGE-238'),(239,'System will identify changes in files in the following content types:\ntext/html\ntext/html; charset=ISO-8859-1\ntext/xml\ntext/plain\ntext/html; charset=Cp1252\ntext/html; charset=US-ASCII\napplication/...','System will identify changes in files in the following content types:\ntext/html\ntext/html; charset=ISO-8859-1\ntext/xml\ntext/plain\ntext/html; charset=Cp1252\ntext/html; charset=US-ASCII\napplication/msword\napplication/vnd.ms-excel\napplication/rss+xml; charset=ISO-8859-1; filename=feed5.xml\napplication/rss+xml\ntext/html; charset=iso-8859-1\napplication/pdf\ntext/html; charset=UTF-8\napplication/rss+xml; charset=ISO-8859-1; filename=feed1.xml\napplication/rss+xml; charset=ISO-8859-1; filename=feed3.xml\napplication/xml\ntext/xml; charset=ISO-8859-1\ntext/xml; charset=utf-8\napplication/atom+xml; charset=UTF-8\ntext/xml; charset=UTF-8\ntext/xml; encoding=utf-8\ntext/html; charset=windows-1252\ntext/html; charset=utf-8\ntext/xml; charset=iso-8859-1\napplication/rss+xml; charset=ISO-8859-1; filename=feed2.xml',NULL,'2008-06-20 12:56:57','2008-06-20 12:56:57',NULL,'new',NULL,2,'page watch','PAGE-239'),(240,'Admins do not need to create a content block if they want the entire page watc...','Admins do not need to create a content block if they want the entire page watched',NULL,'2008-06-20 12:56:57','2008-06-20 12:56:57',NULL,'new',NULL,2,'page watch','PAGE-240'),(241,'Admins do need to create several content block if they want multile parts of the page watc...','Admins do need to create several content block if they want multile parts of the page watched',NULL,'2008-06-20 12:56:57','2008-06-20 12:56:57',NULL,'new',NULL,2,'page watch','PAGE-241'),(242,'Can notify subscribers when a page or content block chan...','Can notify subscribers when a page or content block changes\nuser: admin',NULL,'2008-06-20 12:56:57','2008-06-20 12:56:57',NULL,'new',NULL,2,'bulletins','BULE-242'),(243,'can set time zone as part of the sched...','can set time zone as part of the schedule\nuser: admin',NULL,'2008-06-20 12:56:57','2008-06-20 12:56:57',NULL,'new',NULL,2,'page watch','PAGE-243'),(244,'Administrators can set auto-send interval at the content block and above leve...','Administrators can set auto-send interval at the content block and above level. \nIf interval is every 4 hours, but page watch runs every 1, an auto send item could identify 4 separate changes, one at each hour',NULL,'2008-06-20 12:56:57','2008-06-20 12:56:57',NULL,'new',NULL,2,'page watch','PAGE-244'),(245,'Subscribers can select digest preferences per to...','Subscribers can select digest preferences per topic',NULL,'2008-06-20 12:56:57','2008-06-20 12:56:57',NULL,'new',NULL,2,'digest','DIGE-245'),(246,'want to send a bulletin to N email addresses in M minut...','want to send a bulletin to N email addresses in M minutes \nuser: admin',NULL,'2008-06-20 12:56:57','2008-06-20 12:56:57',NULL,'new',NULL,2,'bulletin addresses','BULE-246'),(247,'Can upload 100K users into the system using bulk to...','Can upload 100K users into the system using bulk tools\nuser: admin',NULL,'2008-06-20 12:56:57','2008-06-20 12:56:57',NULL,'new',NULL,2,'topics','TOPI-247'),(248,'Will answer questions for all relevant partners and items when selecting them from a netw...','Will answer questions for all relevant partners and items when selecting them from a network\nuser: subscriber',NULL,'2008-06-20 12:56:57','2008-06-20 12:56:57',NULL,'new',NULL,2,'network','NETW-248'),(249,'Can delete images from the resources direct...','Can delete images from the resources directory\nDelete from the File Resources page in GovDelivery \nuser: admin',NULL,'2008-06-20 12:56:57','2008-06-20 12:56:57',NULL,'new',NULL,2,'bulletins','BULE-249'),(250,'Can access resources in the partner shared directory and in a personal direct...','Can access resources in the partner shared directory and in a personal directory\nuser: admin',NULL,'2008-06-20 12:56:57','2008-06-20 12:56:57',NULL,'new',NULL,2,'bulletins','BULE-250'),(251,'Want the system to suggest time to run page watch so that the load on a specific minute isnt too h...','Want the system to suggest time to run page watch so that the load on a specific minute isnt too high\nuser: admin',NULL,'2008-06-20 12:56:57','2008-06-20 12:56:57',NULL,'new',NULL,2,'page watch','PAGE-251'),(252,'do not want the system to pagewatch a document, page, or content block, if a previous page watch process on the same URL is still in progr...','do not want the system to pagewatch a document, page, or content block, if a previous page watch process on the same URL is still in progress\nuser: admin',NULL,'2008-06-20 12:56:57','2008-06-20 12:56:57',NULL,'new',NULL,2,'page watch','PAGE-252'),(253,'can prioritize a partner and push their page watches to the top of the qu...','can prioritize a partner and push their page watches to the top of the queue\nuser: admin',NULL,'2008-06-20 12:56:57','2008-06-20 12:56:57',NULL,'new',NULL,2,'page watch','PAGE-253'),(254,'Can determine which other Admins receive error messages, and which error type, at the document, page, and content block le...','Can determine which other Admins receive error messages, and which error type, at the document, page, and content block level\nuser: admin',NULL,'2008-06-20 12:56:57','2008-06-20 12:56:57',NULL,'new',NULL,2,'page watch','PAGE-254'),(255,'Aesthetic error messages that contain which page watch schedule was selected and truly defines the error. Link to SalesForce knowledge base, or similar, is a valid approach to this probl...','Aesthetic error messages that contain which page watch schedule was selected and truly defines the error. Link to SalesForce knowledge base, or similar, is a valid approach to this problem.',NULL,'2008-06-20 12:56:57','2008-06-20 12:56:57',NULL,'new',NULL,2,'email templates','EMAI-255'),(256,'Subscribers can opt out by acco...','Subscribers can opt out by account\nSubscriber selects topics owned by 5 clients. When the subscriber receives the confirm email, they decide that they don\'t want subscriptions from 2 of the clients. ',NULL,'2008-06-20 12:56:57','2008-06-20 12:56:57',12,'new',NULL,2,'GovDelivery.net','GOVD-256'),(257,'Can see subscriber and subscription counts from GovDelivery....','Can see subscriber and subscription counts from GovDelivery.net\nuser: admin',NULL,'2008-06-20 12:56:57','2008-06-20 12:56:57',12,'new',NULL,2,'GovDelivery.net','GOVD-257'),(258,'Subscribers want to manage their GovDelivery subscriptions, regardless of client, from one locat...','Subscribers want to manage their GovDelivery subscriptions, regardless of client, from one location',NULL,'2008-06-20 12:56:57','2008-06-20 12:56:57',12,'new',NULL,2,'GovDelivery.net','GOVD-258'),(259,'Want subscribers to answer ALL questions when they subscribe to my topics and accounts/topics in my netwo...','Want subscribers to answer ALL questions when they subscribe to my topics and accounts/topics in my network \nSubscriber selects topics owned by 5 clients. The subscriber sees questions asked by all five clients as part of the subscription process.\nuser: admin',NULL,'2008-06-20 12:56:57','2008-06-20 12:56:57',12,'new',NULL,2,'GovDelivery.net','GOVD-259'),(260,'Subscribers want to be sure they are the only ones who can opt in to GovDeliv...','Subscribers want to be sure they are the only ones who can opt in to GovDelivery\nSecure the Double Opt In process. Also, expire the subscription in N (e.g. 180) days if no response from the subscriber',NULL,'2008-06-20 12:56:57','2008-06-20 12:56:57',12,'new',NULL,2,'GovDelivery.net','GOVD-260'),(261,'Subscriber who don\'t opt in N (e.g. 10) days after message is sent want to be remin...','Subscriber who don\'t opt in N (e.g. 10) days after message is sent want to be reminded',NULL,'2008-06-20 12:56:57','2008-06-20 12:56:57',12,'new',NULL,2,'GovDelivery.net','GOVD-261'),(262,'Admins want to find and select partners whose topics will appear in a subscriber search result on a hosted p...','Admins want to find and select partners whose topics will appear in a subscriber search result on a hosted page\nFind all partners that are \'Health\' related, and select partner from a list of 10 results. Also, search for individual partners.',NULL,'2008-06-20 12:56:57','2008-06-20 12:56:57',12,'new',NULL,2,'GovDelivery.net','GOVD-262'),(263,'want the system to automatically populate bulletin tags based on defined crite...','want the system to automatically populate bulletin tags based on defined criteria\nuser: admin',NULL,'2008-06-20 12:56:57','2008-06-20 12:56:57',12,'new',NULL,2,'GovDelivery.net','GOVD-263'),(264,'can define domain type, agency type, and geography identifier for the partn...','can define domain type, agency type, and geography identifier for the partners\nPartner tag includes agency type, such as Federal or State. These tags will populate the item and bulletin tags.\nuser: internal admin',NULL,'2008-06-20 12:56:57','2008-06-20 12:56:57',12,'new',NULL,3,'GovDelivery.net','GOVD-264'),(265,'can manually assign tags to items in b...','can manually assign tags to items in bulk\nuser: admin',NULL,'2008-06-20 12:56:57','2008-06-20 12:56:57',12,'new',NULL,2,'GovDelivery.net','GOVD-265'),(266,'can manually assign tags to bulletins in b...','can manually assign tags to bulletins in bulk\nuser: admin',NULL,'2008-06-20 12:56:57','2008-06-20 12:56:57',12,'new',NULL,2,'GovDelivery.net','GOVD-266'),(267,'want to find subscription topics by keyword associated with the bulle...','want to find subscription topics by keyword associated with the bulletin\nuser: subscriber',NULL,'2008-06-20 12:56:57','2008-06-20 12:56:57',12,'new',NULL,2,'GovDelivery.net','GOVD-267'),(268,'will answer questions for all relevant partners and items when selecting them from .net or por...','will answer questions for all relevant partners and items when selecting them from .net or portal\nuser: subscriber',NULL,'2008-06-20 12:56:57','2008-06-20 12:56:57',12,'new',NULL,2,'GovDelivery.net','GOVD-268'),(269,'Admins (>=AM) can define a network-friendly name to a partne...','Admins (>=AM) can define a network-friendly name to a partner. \nThis name appears on all network pages and conforms to manually-defined parameters',NULL,'2008-06-20 12:56:57','2008-06-20 12:56:57',12,'new',NULL,2,'GovDelivery.net','GOVD-269'),(270,'Want bulletins to be populated with tags from the items they are sent ...','Want bulletins to be populated with tags from the items they are sent for\nuser: admin',NULL,'2008-06-20 12:56:57','2008-06-20 12:56:57',12,'new',NULL,2,'GovDelivery.net','GOVD-270'),(271,'Admins (>=PA) can define tags for the categori...','Admins (>=PA) can define tags for the categories \nCategory tags will populate the item and bulletin tags.\nuser: admin',NULL,'2008-06-20 12:56:57','2008-06-20 12:56:57',12,'new',NULL,2,'GovDelivery.net','GOVD-271'),(272,'Subscribers can find subscription topics using advanced search operators to link tags, such as AND, OR, e...','Subscribers can find subscription topics using advanced search operators to link tags, such as AND, OR, etc.',NULL,'2008-06-20 12:56:57','2008-06-20 12:56:57',12,'new',NULL,2,'GovDelivery.net','GOVD-272'),(273,'Want to categorize partner accounts into types (test, demo, defun...','Want to categorize partner accounts into types (test, demo, defunct)\nWhen a partner terminiates their contract with GovDelivery, the AM categorizes the partner as defunct. Other options are demo, production, test, or defunct.\nuser: admin',NULL,'2008-06-20 12:56:57','2008-06-20 12:56:57',NULL,'new',NULL,2,'accounts','ACOU-273'),(274,'can upload and use a template created offl...','can upload and use a template created offline\nuser: admin',NULL,'2008-06-20 12:56:57','2008-06-20 12:56:57',NULL,'new',NULL,2,'bulletins','BULE-274'),(275,'Admins (>=AM) want to set the session timeout for admin users for a part...','Admins (>=AM) want to set the session timeout for admin users for a partner\nAM sets the timeout for FBI partner users to 5 minutes of inactivity',NULL,'2008-06-20 12:56:57','2008-06-20 12:56:57',NULL,'new',NULL,2,'accounts','ACOU-275'),(276,'Can elect to receive my bulletins from one partner in one RSS feed, not em...','Can elect to receive my bulletins from one partner in one RSS feed, not email\r\nuser: subscriber',NULL,'2008-06-20 12:56:57','2008-07-01 12:55:42',11,'new',NULL,3,'subscriptions','SUBS-276'),(277,'Can elect to receive my bulletins from all partners in one RSS feed, not em...','Can elect to receive my bulletins from all partners in one RSS feed, not email\r\nSubscriber has subscriptions to FBI and CDC, all bulletins are in the same RSS feed, which the reader sees in Google Reader\r\nuser: subscriber',NULL,'2008-06-20 12:56:57','2008-07-01 12:56:14',11,'new',NULL,3,'subscriptions','SUBS-277'),(278,'Can push subscribers to subscribe to an item. Not sure what this doe...','Can push subscribers to subscribe to an item. Not sure what this does. \r\nuser: admin',NULL,'2008-06-20 12:56:57','2008-07-01 12:59:07',5,'new',NULL,3,'subscriptions','SUBS-278'),(279,'Can prevent some users from unsubscribing to a to...','Can prevent some users from unsubscribing to a topic\r\nSubscriber cannot unsubscribe from a topic for all internal agency employees because important agency news is sent to these subscribers. \r\nuser: admin',NULL,'2008-06-20 12:56:57','2008-07-01 12:59:36',4,'new',NULL,3,'subscriptions','SUBS-279'),(280,'Can upload subscribers for a topic in b...','Can upload subscribers for a topic in bulk\nuser: admin',NULL,'2008-06-20 12:56:57','2008-06-20 12:56:57',NULL,'new',NULL,2,'users','USER-280'),(281,'Subscribers can access and edit their global profile from ,...','Subscribers can access and edit their global profile from ,net',NULL,'2008-06-20 12:56:57','2008-06-20 12:56:57',12,'new',NULL,2,'GovDelivery.net','GOVD-281'),(282,'Can access and edit my global profile from GovDeliv...','Can access and edit my global profile from GovDelivery\r\nuser: subscriber',NULL,'2008-06-20 12:56:57','2008-07-01 11:52:43',5,'new',NULL,3,'users','USER-282'),(283,'Want tags assigned to new topics based on an algori...','Want tags assigned to new topics based on an algorithm\nuser: admin',NULL,'2008-06-20 12:56:57','2008-06-20 12:56:57',12,'new',NULL,2,'GovDelivery.net','GOVD-283'),(284,'Admins (>=IA) can modify inherited tags from the partner down at the topic le...','Admins (>=IA) can modify inherited tags from the partner down at the topic level',NULL,'2008-06-20 12:56:57','2008-06-20 12:56:57',12,'new',NULL,2,'GovDelivery.net','GOVD-284'),(285,'Can see an estimate of the download time for each attachment for various connection spe...','Can see an estimate of the download time for each attachment for various connection speeds\nuser: admin',NULL,'2008-06-20 12:56:57','2008-06-20 12:56:57',NULL,'new',NULL,2,'bulletins','BULE-285'),(286,'Want to use commerciallly-developed tools to test template behav...','Want to use commerciallly-developed tools to test template behavior\nOffermatica for multi-variate testing.\nuser: admin',NULL,'2008-06-20 12:56:57','2008-06-20 12:56:57',NULL,'new',NULL,2,'web templates','WEBT-286'),(287,'Want to see path and usage reports for account subscription pa...','Want to see path and usage reports for account subscription pages\nImport data from Omniture or Web trends tracking.\nuser: admin',NULL,'2008-06-20 12:56:57','2008-06-20 12:56:57',NULL,'new',NULL,2,'reports','REPO-287'),(288,'Admins can bypass Goodmail if there is a problem with Goodmail delivery. Still send to Yahoo! and ...','Admins can bypass Goodmail if there is a problem with Goodmail delivery. Still send to Yahoo! and AOL',NULL,'2008-06-20 12:56:57','2008-06-20 12:56:57',NULL,'new',NULL,2,'mail sender','MAIL-288'),(289,'Admins can embed a ePostmarks USPS icon in an em...','Admins can embed a ePostmarks USPS icon in an email',NULL,'2008-06-20 12:56:57','2008-06-20 12:56:57',NULL,'new',NULL,2,'mail sender','MAIL-289'),(290,'Can enable / disable wireless alerts for a partner (short messag...','Can enable / disable wireless alerts for a partner (short messages)\nuser: internal admin',NULL,'2008-06-20 12:56:57','2008-06-20 12:56:57',NULL,'new',NULL,2,'accounts','ACOU-290'),(291,'can enable / disable newsletters and resources for a part...','can enable / disable newsletters and resources for a partner\nuser: internal admin',NULL,'2008-06-20 12:56:57','2008-06-20 12:56:57',NULL,'new',NULL,2,'accounts','ACOU-291'),(292,'can enable / disable for an account: DOUBLE_OPT...','can enable / disable for an account: DOUBLE_OPT_IN\nuser: internal admin',NULL,'2008-06-20 12:56:57','2008-06-20 12:56:57',NULL,'new',NULL,2,'accounts','ACOU-292'),(293,'can enable / disable for an account: ENABLE_QUESTI...','can enable / disable for an account: ENABLE_QUESTIONS\nuser: internal admin',NULL,'2008-06-20 12:56:57','2008-06-20 12:56:57',NULL,'new',NULL,2,'accounts','ACOU-293'),(294,'Internal Admins can enable / disable for an account: RESTRICTIONS_ENAB...','Internal Admins can enable / disable for an account: RESTRICTIONS_ENABLED',NULL,'2008-06-20 12:56:57','2008-06-20 12:56:57',NULL,'new',NULL,2,'accounts','ACOU-294'),(295,'Internal Admins can enable / disable for an account: LOCKED_SUBSCRIPTIONS_ENAB...','Internal Admins can enable / disable for an account: LOCKED_SUBSCRIPTIONS_ENABLED',NULL,'2008-06-20 12:56:57','2008-06-20 12:56:57',NULL,'new',NULL,2,'accounts','ACOU-295'),(296,'Internal Admins can enable / disable for an account: NETW...','Internal Admins can enable / disable for an account: NETWORK',NULL,'2008-06-20 12:56:57','2008-06-20 12:56:57',NULL,'new',NULL,2,'accounts','ACOU-296'),(297,'can enable / disable for an account: Public ...','can enable / disable for an account: Public RSS\nuser: internal admin',NULL,'2008-06-20 12:56:57','2008-06-20 12:56:57',NULL,'new',NULL,2,'accounts','ACOU-297'),(298,'can enable / disable for an account: Personalized ...','can enable / disable for an account: Personalized RSS\nuser: internal admin',NULL,'2008-06-20 12:56:57','2008-06-20 12:56:57',NULL,'new',NULL,2,'accounts','ACOU-298'),(299,'Internal Admins can set days to expire for DOI message...','Internal Admins can set days to expire for DOI messages. \nDefault is 1 day',NULL,'2008-06-20 12:56:57','2008-06-20 12:56:57',NULL,'new',NULL,2,'accounts','ACOU-299'),(300,'Internal Admins can set an account to managed or exclus...','Internal Admins can set an account to managed or exclusive',NULL,'2008-06-20 12:56:57','2008-06-20 12:56:57',NULL,'new',NULL,2,'accounts','ACOU-300'),(301,'can enable / disable for an account: Page watch t...','can enable / disable for an account: Page watch tidy\nuser: internal admin',NULL,'2008-06-20 12:56:57','2008-06-20 12:56:57',NULL,'new',NULL,2,'accounts','ACOU-301'),(302,'can enable / disable for an account: Auto It...','can enable / disable for an account: Auto Items\nA site has 1M pages. Each page has a subscription link, but only a few are ever selected. Rather than create 1M corresponding items in GovDelivery, only create them when the subscriber clicks one of the links.\nuser: internal admin',NULL,'2008-06-20 12:56:57','2008-06-20 12:56:57',NULL,'new',NULL,2,'accounts','ACOU-302'),(303,'can enable / disable for an account: CC Ams on page wa...','can enable / disable for an account: CC Ams on page watch\nWhen enabled, the AM receives a duplicate message that is sent to the admin for the account. This allows the AM to assist the client and be notified when a client page changes. \nuser: internal admin',NULL,'2008-06-20 12:56:57','2008-06-20 12:56:57',NULL,'new',NULL,2,'accounts','ACOU-303'),(304,'can enable / disable for an account: Quick Subscribe Descripti...','can enable / disable for an account: Quick Subscribe Descriptions\nWhen enabled, subscribers can view a description of the topic in the Quick Subscribe tree. The description is pulled from the topic\'s short desc. Field. \nuser: internal admin',NULL,'2008-06-20 12:56:57','2008-06-20 12:56:57',NULL,'new',NULL,2,'accounts','ACOU-304'),(305,'can enable / disable for an account: IP Address Verificat...','can enable / disable for an account: IP Address Verification\nLimit access to the admin UI to users with a certain IP address\nuser: internal admin',NULL,'2008-06-20 12:56:57','2008-06-20 12:56:57',NULL,'new',NULL,2,'accounts','ACOU-305'),(306,'can define session time...','can define session timeout\nSet the setting to 5. In five minutes of inactivity, the admin must log into GovDelivery again.\nuser: internal admin',NULL,'2008-06-20 12:56:57','2008-06-20 12:56:57',NULL,'new',NULL,2,'accounts','ACOU-306'),(307,'can enable / disable category subscripti...','can enable / disable category subscriptions\nIf enabled, subscriptions can be added to the category, which means admins can send to the category.\nuser: admin',NULL,'2008-06-20 12:56:57','2008-06-20 12:56:57',NULL,'new',NULL,2,'categories','CATE-307'),(308,'can add a category description that appears on the quick subscribe page when the description option is enabled at the account le...','can add a category description that appears on the quick subscribe page when the description option is enabled at the account level\nHTML formatting is allowed. So is links in the HTML. See \nuser: admin',NULL,'2008-06-20 12:56:57','2008-06-20 12:56:57',NULL,'new',NULL,2,'categories','CATE-308'),(309,'can assign questions to a category. Questions appear when the subsciber selects the categ...','can assign questions to a category. Questions appear when the subsciber selects the category\nuser: admin',NULL,'2008-06-20 12:56:57','2008-06-20 12:56:57',NULL,'new',NULL,2,'categories','CATE-309'),(310,'Can set the following options for each admin user profile: Partner, Department, send confirm email, notify of deleted subscripti...','Can set the following options for each admin user profile: Partner, Department, send confirm email, notify of deleted subscriptions\nuser: internal admin',NULL,'2008-06-20 12:56:57','2008-06-20 12:56:57',NULL,'new',NULL,2,'users','USER-310'),(311,'Can view a subscriber\'s question responses, and update the responses (optional: send confirmation of chan...','Can view a subscriber\'s question responses, and update the responses (optional: send confirmation of change)\nuser: admin',NULL,'2008-06-20 12:56:57','2008-06-20 12:56:57',NULL,'new',NULL,2,'users','USER-311'),(312,'Want the system to send personalized content to individual subscribers that I ident...','Want the system to send personalized content to individual subscribers that I identify\nuser: admin',NULL,'2008-06-20 12:56:57','2008-06-20 12:56:57',NULL,'new',NULL,2,'transactional','TRAN-312'),(313,'Want to decrease the amount of printed materials that are sent to my home. I want them in em...','Want to decrease the amount of printed materials that are sent to my home. I want them in email\nuser: subscriber',NULL,'2008-06-20 12:56:57','2008-06-20 12:56:57',NULL,'new',NULL,2,'transactional','TRAN-313'),(314,'Can present subscription topics to subscribers in a widget that can be posted anywhere on the Inter...','Can present subscription topics to subscribers in a widget that can be posted anywhere on the Internet\r\nuser: admin',NULL,'2008-06-20 12:56:57','2008-07-01 13:00:06',3,'new',NULL,3,'subscriptions','SUBS-314'),(315,'Want to export all of my reporting data in a usable file for...','Want to export all of my reporting data in a usable file format\nuser: admin',NULL,'2008-06-20 12:56:58','2008-06-20 12:56:58',NULL,'new',NULL,2,'reports','REPO-315'),(316,'Want to send a copy of the report to my boss in em...','Want to send a copy of the report to my boss in email\nuser: admin',NULL,'2008-06-20 12:56:58','2008-06-20 12:56:58',NULL,'new',NULL,2,'reports','REPO-316'),(317,'Can perform common topic functions quickly and in b...','Can perform common topic functions quickly and in bulk\nRename a topic, set the visibility of the topic, modify the watched URL, set the watch status, set the auto-send status, set the auto-send interval\nuser: admin',NULL,'2008-06-20 12:56:58','2008-06-20 12:56:58',NULL,'new',NULL,2,'topics','TOPI-317'),(318,'Can filter my topic list by categ...','Can filter my topic list by category\r\nuser: admin',NULL,'2008-06-20 12:56:58','2008-07-01 11:17:21',4,'new',NULL,3,'topics','TOPI-318'),(319,'Can access common topic functions quic...','Can access common topic functions quickly\r\nFly out menu for information, editions, categories, send item bulletin, snippets, subscriptions, questions, restrictions, links\r\nuser: admin',NULL,'2008-06-20 12:56:58','2008-07-01 13:41:54',4,'new',NULL,3,'topics','TOPI-319'),(320,'Can see a history of changes to an to...','Can see a history of changes to an topic\ndate of change, who made the change, what was changed\nuser: admin',NULL,'2008-06-20 12:56:58','2008-06-20 12:56:58',NULL,'new',NULL,2,'topics','TOPI-320'),(321,'Can trigger certain questions to the subscriber when a topic is selec...','Can trigger certain questions to the subscriber when a topic is selected\nuser: admin',NULL,'2008-06-20 12:56:58','2008-06-20 12:56:58',NULL,'new',NULL,2,'topics','TOPI-321'),(322,'Can determine who receives pagewatch messa...','Can determine who receives pagewatch messages\r\nMessages that tell the admin that a page or rss feed has changed. The email includes a link to send a bulletin to subscribers of the topic that the page has changed.\r\nuser: admin',NULL,'2008-06-20 12:56:58','2008-07-01 13:44:57',11,'new',NULL,3,'topics','TOPI-322'),(323,'Can determine who receives courtesy copy messa...','Can determine who receives courtesy copy messages\r\nDuplicate message of the one sent to subscribers of the topic.\r\nuser: admin',NULL,'2008-06-20 12:56:58','2008-07-01 13:44:36',4,'new',NULL,3,'topics','TOPI-323'),(324,'Can send a bulletin notifying subscribers of a page update, and the bulletin contains a description of the cha...','Can send a bulletin notifying subscribers of a page update, and the bulletin contains a description of the change\nScreen shot or other reproduction of the change on the site, not just raw HTML code.\nuser: admin',NULL,'2008-06-20 12:56:58','2008-06-20 12:56:58',NULL,'new',NULL,2,'bulletins','BULE-324'),(325,'Can determine who receives error messa...','Can determine who receives error messages\r\nMessages that tell the admin that pagewatch encounted an error, such as page not found.\r\nuser: admin',NULL,'2008-06-20 12:56:58','2008-07-01 13:42:33',10,'new',NULL,3,'topics','TOPI-325'),(326,'Wish there were a new, publicly-available Bulletin Page.  I wish this page displayed the From Name, From Address, Date, Subject and full HTML-formatted Body (sans footer) for a single bulle...','Wish there were a new, publicly-available Bulletin Page.  I wish this page displayed the From Name, From Address, Date, Subject and full HTML-formatted Body (sans footer) for a single bulletin\nuser: admin',NULL,'2008-06-20 12:56:58','2008-06-20 12:56:58',NULL,'new',NULL,2,'bulletins','BULE-326'),(327,'Can find subscriptions offered by multiple accounts in a network during a visit to one account s...','Can find subscriptions offered by multiple accounts in a network during a visit to one account site\nuser: subscriber',NULL,'2008-06-20 12:56:58','2008-06-20 12:56:58',NULL,'new',NULL,2,'network','NETW-327'),(328,'Can have different settings for all of my user profiles (separate for all accoun...','Can have different settings for all of my user profiles (separate for all accounts)\nOne profile per partner\nuser: subscriber',NULL,'2008-06-20 12:56:58','2008-06-20 12:56:58',NULL,'new',NULL,2,'network','NETW-328'),(329,'Can add an account to N netwo...','Can add an account to N networks\nuser: internal admin',NULL,'2008-06-20 12:56:58','2008-06-20 12:56:58',NULL,'new',NULL,2,'network','NETW-329'),(330,'Can access >1 account and have a different role for each acco...','Can access >1 account and have a different role for each account\nA department employee can manage topics for multiple office accounts\nuser: admin',NULL,'2008-06-20 12:56:58','2008-06-20 12:56:58',NULL,'new',NULL,2,'network','NETW-330'),(331,'Can see a list of subscription options that is based on previous subscription selections (Collaborative filteri...','Can see a list of subscription options that is based on previous subscription selections (Collaborative filtering)\nI select \'Park\' topics on one page of the subscription process, on the next page, I see Park-related subscription options.\nuser: subscriber',NULL,'2008-06-20 12:56:58','2008-06-20 12:56:58',12,'new',NULL,2,'GovDelivery.net','GOVD-331'),(332,'Can select from a list of topics offered by other accounts to show with my subscription proc...','Can select from a list of topics offered by other accounts to show with my subscription process\nAffiliate-marketing like availability of items to approved merchants. \nuser: admin',NULL,'2008-06-20 12:56:58','2008-06-20 12:56:58',NULL,'new',NULL,2,'network','NETW-332'),(333,'Wish it were possible, on an account-by-account basis, to custom-specify absolutely all subscriber-facing text.  It must be possible to specify absolutely all of this text in Spanish as well as En...','Wish it were possible, on an account-by-account basis, to custom-specify absolutely all subscriber-facing text.  It must be possible to specify absolutely all of this text in Spanish as well as English\n\"FirstGov en Espaol wants to be able to custom-specify absolutely all subscriber-facing text, and they want all of that text be in Spanish.  At the moment, some of our subscriber-facing text is hard-coded, e.g.\no Subject lines of transactional e-mail messages\no Server-side validation error messages\no The text label on a few HTML buttons (particularly the ones on the profile page) is used server-side to determine how to process the form.\no The message text on subscribe.html\no The text for several select widgets (for example the Frequency Preference select widget)\no The partner name (which gets input on the Partner Info edit page and gets inserted all over the place in e-mails.)\nuser: admin',NULL,'2008-06-20 12:56:58','2008-06-20 12:56:58',NULL,'new',NULL,2,'web templates','WEBT-333'),(334,'Should not be able to enter an invalid email address\n\nDNS: Should this be classified under \"subscriptions\"?  There are trade-offs to the proposed approach at rig...','Should not be able to enter an invalid email address\n\nDNS: Should this be classified under \"subscriptions\"?  There are trade-offs to the proposed approach at right.\nI wish we did a better job (based upon Julies list of common mistakes) of noticing when an e-mail address couldnt possibly be valid.  I wish we performed this check everywhere e-mail addresses can get added to the system.\nWhen a subscriber submits the New Subscriber form (presently login_new.html), I wish we attempted to send the Welcome New Subscriber e-mail for some easily-modifiable timeout period.  Only if we get a 500-series error back from the remote MTA, we should kick the subscriber back to the New Subscriber page with an error.  If anything other than a 500-series error happens (including if the connection times out), then we should assume this address is innocent until proven guilty.\nuser: subscriber',NULL,'2008-06-20 12:56:58','2008-06-20 12:56:58',NULL,'new',NULL,2,'mail sender','MAIL-334'),(335,'Wish we always had an easy way of answering how a subscriber was added to the system and how did this subscription get added to the syste...','Wish we always had an easy way of answering how a subscriber was added to the system and how did this subscription get added to the system?\n\n(We would ideally know who (what IP address) clicked on what link on what Web page)\nuser: admin',NULL,'2008-06-20 12:56:58','2008-06-20 12:56:58',NULL,'new',NULL,2,'reports','REPO-335'),(336,'Wish GovDelivery never retried a given message once that message has encountered a 500-series err...','Wish GovDelivery never retried a given message once that message has encountered a 500-series error.\nWhen GovDelivery retries a rejected message, GovDelivery looks suspicious.\nuser: internal admin',NULL,'2008-06-20 12:56:58','2008-06-20 12:56:58',NULL,'new',NULL,2,'mail sender','MAIL-336'),(337,'Wish there were a failures table that logged (approximately): Time/date, Partner code, E-mail address, E-mail domain, Errors. I wish we added a row to this table every time we encountered a 500-se...','Wish there were a failures table that logged (approximately): Time/date, Partner code, E-mail address, E-mail domain, Errors. I wish we added a row to this table every time we encountered a 500-series error.\nBuilding block for automated failure handling.\nuser: internal admin',NULL,'2008-06-20 12:56:58','2008-06-20 12:56:58',NULL,'new',NULL,2,'mail sender','MAIL-337'),(338,'Wish I had access to a report with one row for each failure that has not been hand-marked as evaluated and the following columns: Time/date, Partner code, E-mail address, E-mail domain, Errors, E...','Wish I had access to a report with one row for each failure that has not been hand-marked as evaluated and the following columns: Time/date, Partner code, E-mail address, E-mail domain, Errors, Evaluated button. Evaluated.  Delete this profile button. I wish we stored a permanent record of each failure and each action.  (The only actions for now are Evaluated / Do nothing and Evaluated / Delete this Profile\nEasier manual failure handling.\nBuilding block for automated failure handling.\nuser: internal admin',NULL,'2008-06-20 12:56:58','2008-06-20 12:56:58',NULL,'new',NULL,2,'reports','REPO-338'),(339,'Passwords are never displayed in plain text or sent by em...','Passwords are never displayed in plain text or sent by email',NULL,'2008-06-20 12:56:58','2008-06-20 12:56:58',NULL,'new',NULL,2,'accounts','ACOU-339'),(340,'Make total message size thresholds (inclusive of bulletin text and cumulative attachments) configurable by client with some defau...','Make total message size thresholds (inclusive of bulletin text and cumulative attachments) configurable by client with some default.\nuser: admin',NULL,'2008-06-20 12:56:58','2008-06-20 12:56:58',NULL,'new',NULL,2,'bulletins','BULE-340'),(341,'Can see the information in the application in my native langu...','Can see the information in the application in my native language\nLatin-based languages first, double-byte languages second\nuser: admin',NULL,'2008-06-20 12:56:58','2008-06-20 12:56:58',NULL,'new',NULL,2,'accounts','ACOU-341'),(342,'Can re-brand the application so that the admins think they are using an application offered by a company that is not GovDeliv...','Can re-brand the application so that the admins think they are using an application offered by a company that is not GovDelivery\nuser: internal admin',NULL,'2008-06-20 12:56:58','2008-06-20 12:56:58',NULL,'new',NULL,2,'accounts','ACOU-342'),(343,'Can bookmark any page in the application, not just the login pag...','Can bookmark any page in the application, not just the login page. \nI only care about a report, I don\'t want to search for it everytime I log in\nuser: admin',NULL,'2008-06-20 12:56:58','2008-06-20 12:56:58',NULL,'new',NULL,2,'accounts','ACOU-343'),(344,'want the system to automatically manage bounced ema...','want the system to automatically manage bounced emails\nuser: internal admin',NULL,'2008-06-20 12:56:58','2008-06-20 12:56:58',NULL,'new',NULL,2,'mail sender','MAIL-344'),(345,'Want the system to keep retrying my email address even if GovDelivery can\'t immediately deliver the mess...','Want the system to keep retrying my email address even if GovDelivery can\'t immediately deliver the message\n30 tries, each one minute apart, for soft bounces. Fail on hard bounce, \nuser: subscriber ',NULL,'2008-06-20 12:56:58','2008-06-20 12:56:58',NULL,'new',NULL,2,'bulletin addresses','BULE-345'),(346,'want to know the status of a bulletin delivery for each addre...','want to know the status of a bulletin delivery for each address.\nemail delivered or failed\nuser: admin',NULL,'2008-06-20 12:56:58','2008-06-20 12:56:58',NULL,'new',NULL,2,'bulletin addresses','BULE-346'),(347,'want to ability to resend a bulletin to one or more addresses, if the bulletin send fails for that addr...','want to ability to resend a bulletin to one or more addresses, if the bulletin send fails for that address\nI send a bulletin to 10K addresses and 5 addresses fail. Subscribers call customer service, I can find the failed addresses and resend those 5. \nuser: admin',NULL,'2008-06-20 12:56:58','2008-06-20 12:56:58',NULL,'new',NULL,2,'bulletin addresses','BULE-347'),(348,'can see click-through rates for all links in a bulle...','can see click-through rates for all links in a bulletin\nuser: admin',NULL,'2008-06-20 12:56:58','2008-06-20 12:56:58',NULL,'new',NULL,2,'bulletins','BULE-348'),(349,'can identify the importance of a bulletin, which sets the flag in an email clie...','can identify the importance of a bulletin, which sets the flag in an email client.\nOutlook marks important messages with a red mark\nuser: admin',NULL,'2008-06-20 12:56:58','2008-06-20 12:56:58',NULL,'new',NULL,2,'bulletins','BULE-349'),(350,'can override a subscriber\'s delivery preference for important messa...','can override a subscriber\'s delivery preference for important messages\nIt\'s raining and floods are predicted. 5% of my subscribers use daily digesting. I can send a warning messages to all subscribers that ignores the digest flag.\nuser: admin',NULL,'2008-06-20 12:56:58','2008-06-20 12:56:58',NULL,'new',NULL,2,'bulletins','BULE-350'),(351,'can validate the appearance of my bulletin in a variety of email clients and screen resoluti...','can validate the appearance of my bulletin in a variety of email clients and screen resolutions\nlotus, gmail, hotmail, safari, outlook 2007, 1024 x 768\nuser: admin',NULL,'2008-06-20 12:56:58','2008-06-20 12:56:58',NULL,'new',NULL,2,'bulletins','BULE-351'),(352,'can upload and select from resources that only I can acc...','can upload and select from resources that only I can access\nuser: admin',NULL,'2008-06-20 12:56:58','2008-06-20 12:56:58',NULL,'new',NULL,2,'bulletins','BULE-352'),(353,'can create sub-folders to organize my resour...','can create sub-folders to organize my resources\nuser: admin',NULL,'2008-06-20 12:56:58','2008-06-20 12:56:58',NULL,'new',NULL,2,'bulletins','BULE-353'),(354,'can upload and select from resources that are available to all users in my acco...','can upload and select from resources that are available to all users in my account\nuser: admin',NULL,'2008-06-20 12:56:58','2008-06-20 12:56:58',NULL,'new',NULL,2,'bulletins','BULE-354'),(355,'can delete and replace resources that I uploa...','can delete and replace resources that I uploaded\nuser: admin',NULL,'2008-06-20 12:56:58','2008-06-20 12:56:58',NULL,'new',NULL,2,'bulletins','BULE-355'),(356,'can resize graphics in newsletters before sending the bulle...','can resize graphics in newsletters before sending the bulletin\nuser: admin',NULL,'2008-06-20 12:56:58','2008-06-20 12:56:58',NULL,'new',NULL,2,'bulletins','BULE-356'),(357,'can create a reusable style for use in newslette...','can create a reusable style for use in newsletters \nuser: admin',NULL,'2008-06-20 12:56:58','2008-06-20 12:56:58',NULL,'new',NULL,2,'bulletins','BULE-357'),(358,'can upload and use a style sheet I created outside of GovDelivery in a newslet...','can upload and use a style sheet I created outside of GovDelivery in a newsletter\ncss upload\nuser: admin',NULL,'2008-06-20 12:56:58','2008-06-20 12:56:58',NULL,'new',NULL,2,'bulletins','BULE-358'),(359,'need to see the metrics associated with my rss fe...','need to see the metrics associated with my rss feeds\nnumber of subscribes/unsubscribes\nuser: admin',NULL,'2008-06-20 12:56:58','2008-06-20 12:56:58',NULL,'new',NULL,2,'reports','REPO-359'),(360,'wants to see a list of all questions and responses to those questi...','wants to see a list of all questions and responses to those questions\nshow question name, text, and type\nuser: admin',NULL,'2008-06-20 12:56:58','2008-06-20 12:56:58',NULL,'new',NULL,2,'reports','REPO-360'),(361,'wants to see metrics related to questions, number of times it was asked vs. answe...','wants to see metrics related to questions, number of times it was asked vs. answered\nuser: admin',NULL,'2008-06-20 12:56:58','2008-06-20 12:56:58',NULL,'new',NULL,2,'reports','REPO-361'),(362,'wants to filter subscriber list based on question respon...','wants to filter subscriber list based on question responses\nuser: admin',NULL,'2008-06-20 12:56:58','2008-06-20 12:56:58',NULL,'new',NULL,2,'reports','REPO-362'),(363,'allow users to send an ad hoc bulletin for filtered question l...','allow users to send an ad hoc bulletin for filtered question list\nuser: admin',NULL,'2008-06-20 12:56:58','2008-06-20 12:56:58',NULL,'new',NULL,2,'reports','REPO-363'),(364,'want to archive data so performance isn\'t impacted when an admin views a large amount of data in a repor...','want to archive data so performance isn\'t impacted when an admin views a large amount of data in a report. \nrule of thumb is data older than 3 months can be archived\nuser: internal admin',NULL,'2008-06-20 12:56:58','2008-06-20 12:56:58',NULL,'new',NULL,2,'reports','REPO-364'),(365,'can modify text, page flow, and layout of all web templates from my account through the platf...','can modify text, page flow, and layout of all web templates from my account through the platform\nremote control templating engine\nuser: admin',NULL,'2008-06-20 12:56:58','2008-06-20 12:56:58',NULL,'new',NULL,2,'web templates','WEBT-365'),(366,'want subscribers to select my topics by keyword, not item tit...','want subscribers to select my topics by keyword, not item title.\nuser: admin',NULL,'2008-06-20 12:56:58','2008-06-20 12:56:58',NULL,'new',NULL,2,'web templates','WEBT-366'),(367,'want to know what I\'m subscribing to before I enter my email addr...','want to know what I\'m subscribing to before I enter my email address\nhover help that shows most recent bulletins for the topic and a description for the topic\nuser: subscriber ',NULL,'2008-06-20 12:56:58','2008-06-20 12:56:58',NULL,'new',NULL,2,'web templates','WEBT-367'),(368,'want the subscription process to work in all common mobile device brows...','want the subscription process to work in all common mobile device browsers\nblackberry\'s browser and others\nuser: subscriber ',NULL,'2008-06-20 12:56:58','2008-06-20 12:56:58',NULL,'new',NULL,2,'web templates','WEBT-368'),(369,'can filter and sort subscribers using date they were crea...','can filter and sort subscribers using date they were created\r\nuser: admin',NULL,'2008-06-20 12:56:58','2008-07-01 13:00:31',7,'new',NULL,3,'subscriptions','SUBS-369'),(370,'want to ask subscribers yes/no (boolean) questi...','want to ask subscribers yes/no (boolean) questions\nstore response for future filtering\nuser: admin',NULL,'2008-06-20 12:56:58','2008-06-20 12:56:58',NULL,'new',NULL,2,'questions','QUES-370'),(371,'want to ask subscribers multiple choice questi...','want to ask subscribers multiple choice questions\nstore response for future filtering\nuser: admin',NULL,'2008-06-20 12:56:58','2008-06-20 12:56:58',NULL,'new',NULL,2,'questions','QUES-371'),(372,'want to ask subscribers open-ended questi...','want to ask subscribers open-ended questions\nstore response for future filtering\nuser: admin',NULL,'2008-06-20 12:56:58','2008-06-20 12:56:58',NULL,'new',NULL,2,'questions','QUES-372'),(373,'want to utilize branch lo...','want to utilize branch logic\nfor question 1, if subscriber answers N show 3, but if subscriber answers M show 2\nuser: admin',NULL,'2008-06-20 12:56:58','2008-06-20 12:56:58',NULL,'new',NULL,2,'questions','QUES-373'),(374,'want to ability to filter subscribers by 1 or more question respon...','want to ability to filter subscribers by 1 or more question responses\nzip code and willingness to receive more information\nuser: admin',NULL,'2008-06-20 12:56:58','2008-06-20 12:56:58',NULL,'new',NULL,2,'questions','QUES-374'),(375,'want to upload question data captured in separate syst...','want to upload question data captured in separate systems\nuser: admin',NULL,'2008-06-20 12:56:58','2008-06-20 12:56:58',NULL,'new',NULL,2,'questions','QUES-375'),(376,'want the ability to customize my questi...','want the ability to customize my questions\nuser: admin',NULL,'2008-06-20 12:56:58','2008-06-20 12:56:58',NULL,'new',NULL,2,'questions','QUES-376'),(377,'can set my distribution frequency distribution prefere...','can set my distribution frequency distribution preference\r\nuser: subscriber ',NULL,'2008-06-20 12:56:58','2008-07-01 12:56:48',6,'new',NULL,3,'subscriptions','SUBS-377'),(378,'can pause distribution of messages from GovDelivery to me while I\'m on vacation, or otherwise unavaiable to read t...','can pause distribution of messages from GovDelivery to me while I\'m on vacation, or otherwise unavaiable to read them\nuser: subscriber ',NULL,'2008-06-20 12:56:58','2008-06-20 12:56:58',NULL,'new',NULL,2,'users','USER-378'),(379,'want to create questions that are only asked when a certain topic is selec...','want to create questions that are only asked when a certain topic is selected\nuser: admin',NULL,'2008-06-20 12:56:58','2008-06-20 12:56:58',5,'new',NULL,3,'questions','QUES-379'),(380,'Can identify a list of recipients based on defined crite...','Can identify a list of recipients based on defined criteria\nuser: admin',NULL,'2008-06-20 12:56:58','2008-06-20 12:56:58',NULL,'new',NULL,2,'mailing list','MAIL-380'),(381,'can create a mailing list based on filtered question respon...','can create a mailing list based on filtered question responses\nuser: admin',NULL,'2008-06-20 12:56:58','2008-06-20 12:56:58',NULL,'new',NULL,2,'mailing list','MAIL-381'),(382,'can schedule a bulletin to be sent at X tim...','can schedule a bulletin to be sent at X time. \nuser: admin',NULL,'2008-06-20 12:56:58','2008-06-20 12:56:58',NULL,'new',NULL,2,'bulletin','BULE-382'),(383,'want a page that I can customize to show the information I want to ...','want a page that I can customize to show the information I want to see\r\nI\'m a PA and I want reports on my page. I\'m an IA and I want a list of my items. \r\nuser: admin',NULL,'2008-06-20 12:56:58','2008-07-01 11:49:16',7,'new',NULL,3,'user interface','USER-383'),(384,'Only show items if they are in a visible category','If topic is in a deleted category only, don\'t show the topic\r\n\r\n\r\nIf topic is not in any categories, don\'t show the topic\r\n\r\nIf topic is in a visible category, show the topic\r\n\r\n\r\n\r\n','2.00','2008-06-23 10:15:50','2008-07-01 14:15:03',12,'new',NULL,2,'GovDelivery.net','GOVD-384'),(385,'All Admins can log into Evolution','An internal or external admin can access a login page, provide credentials (e.g UN/PW) and log into the system. ','1.00','2008-06-23 15:19:24','2008-06-26 11:53:23',1,'in_qc',NULL,8,'users','USER-385'),(386,'Admins can read other admins','When an internal or external admin with read admin permissions logs into Evo, they can view the profile of an other admin with < or = role.\r\n\r\n','0.50','2008-06-23 15:22:01','2008-06-26 12:02:03',1,'in_qc',NULL,9,'users','USER-386'),(387,'Admins can create other admins','When an administrator with Create User permission logs in to Evo, they can create another user who has role = or < their own role. e.g. An AccountAdmin can create an AccountAdmin or a CategoryAdmin.\r\n\r\n','0.50','2008-06-23 15:22:19','2008-06-26 12:01:41',1,'in_qc',NULL,10,'users','USER-387'),(388,'Admins can delete other admins','WHen an internal or external admin with delete admin permissions logs into Evo, they can delete admins with a role that is < or = their own. \r\n\r\n\r\nMOST RIGHTS\r\n\r\nInternal Admins\r\n            SuperUser\r\n            AccountManager\r\nExternal Admins\r\n            AccountAdmin\r\n            CategoryAdmin\r\n            TopicAdmin\r\n            ReportViewer\r\nNon-Admins\r\n       Subscriber\r\n\r\nFEWEST RIGHTS\r\n','0.50','2008-06-23 15:22:42','2008-06-26 15:47:50',1,'in_qc',NULL,10,'users','USER-388'),(389,'Admins can update other admins','When an internal or external admin with account update permissions logs into Evo, they can update a user with a role < or = their own role. \r\n\r\n','0.50','2008-06-23 15:24:52','2008-06-26 11:57:01',1,'in_qc',NULL,8,'users','USER-389'),(390,'Travis! features','More features that are needed in Travis! \r\n-------------------------------','0.00','2008-06-23 15:55:42','2008-06-30 08:31:04',2,'in_progress',NULL,8,'Travis','TRAV-390'),(391,'I want to move around the application using consistent navigation','Add menus to allow navigation',NULL,'2008-06-24 10:49:36','2008-06-24 10:49:36',5,'new',NULL,1,'user interface','USER-391'),(392,'Allow subscribers to select language','Wisconsin DOT, Nat. Resources, and Trade requested Hmong, Spanish, and English options during the sales cycle.\r\n\r\nUse Case\r\nA subscriber signs up for an alert\r\nDuring sign up they indicate that they want all correspondence in Hmong\r\n\r\nI presume this applies to transactional emails (e.g welcome new user) and bulletins.\r\n\r\nIf an alternate language bulletin is not available, send the default language. ',NULL,'2008-06-24 10:52:13','2008-06-24 10:52:13',5,'new',NULL,1,'web templates','WEBT-392'),(393,'want my password to be encrypted everywhere in the system','Store passwords for all admins and subscribers encrypted to prevent security breach',NULL,'2008-06-27 11:25:05','2008-06-27 11:26:16',5,'new',NULL,2,'users','USER-393');
UNLOCK TABLES;
/*!40000 ALTER TABLE `stories` ENABLE KEYS */;

--
-- Table structure for table `stories_tasks`
--

DROP TABLE IF EXISTS `stories_tasks`;
CREATE TABLE `stories_tasks` (
  `story_id` int(11) NOT NULL,
  `task_id` int(11) NOT NULL
) ENGINE=InnoDB DEFAULT CHARSET=latin1;

--
-- Dumping data for table `stories_tasks`
--


/*!40000 ALTER TABLE `stories_tasks` DISABLE KEYS */;
LOCK TABLES `stories_tasks` WRITE;
INSERT INTO `stories_tasks` VALUES (1,2),(1,3),(1,5),(1,6),(2,7),(1,8),(1,9),(1,10),(1,11),(1,12),(1,13),(1,16),(1,17),(4,19),(4,18),(4,21),(4,22),(4,23),(5,24),(5,26),(5,27),(6,25),(5,25),(6,24),(1,30),(2,31),(3,1),(7,33),(1,34),(6,35),(6,36),(6,37),(6,38),(6,39),(5,40),(1,41),(1,42),(6,44),(390,45),(390,46),(390,47),(390,48),(390,49),(390,14),(387,50),(70,51),(390,52),(386,50),(388,50),(389,50),(385,50),(49,53),(93,54),(93,55),(93,56),(93,57),(93,58),(93,59),(93,60),(89,61),(107,64),(107,66),(70,68),(85,69),(145,70),(107,71),(107,73),(6,74),(6,54),(5,58),(6,58),(13,75),(384,76),(4,77),(4,78),(89,79),(106,80),(106,81);
UNLOCK TABLES;
/*!40000 ALTER TABLE `stories_tasks` ENABLE KEYS */;

--
-- Table structure for table `tasks`
--

DROP TABLE IF EXISTS `tasks`;
CREATE TABLE `tasks` (
  `id` int(11) NOT NULL auto_increment,
  `title` varchar(200) NOT NULL,
  `description` text NOT NULL,
  `created_at` datetime default NULL,
  `updated_at` datetime default NULL,
  `state` varchar(20) default NULL,
  `login` varchar(50) default NULL,
  `lock_version` int(11) default '0',
  PRIMARY KEY  (`id`)
) ENGINE=InnoDB DEFAULT CHARSET=latin1;

--
-- Dumping data for table `tasks`
--


/*!40000 ALTER TABLE `tasks` DISABLE KEYS */;
LOCK TABLES `tasks` WRITE;
INSERT INTO `tasks` VALUES (1,'Navigation issue with login','Login takes you to Stories.  I clicked \"Iterations\", was prompted to login, and then was taken to \"Stories\"\r\n\r\nThis is very low priority','2008-06-17 13:35:32','2008-06-18 10:16:06','in_progress','mml',5),(2,'Adding tasks to stories does not persist the relationship','From Story Edit screen, I select \"Add New Task\" and use the green popup dialog to create a new task.  \r\n\r\nThe new task is created, but is not associated with the Story I was editing.\r\n','2008-06-17 13:39:55','2008-06-18 17:01:54','complete','mml',14),(3,'\"New Task\" is annoying','A Story has a task called \"New Task\".  It can not be edited.  Clicking it takes you to the Task list.\r\n\r\nDoes not seem to serve much purpose','2008-06-17 13:41:10','2008-06-17 14:07:57','complete','mml',7),(5,'\'Create Task\' from Task List navigation','When using \'Create Task\' from the Task List screen, when finishing and saving the Task, navigation should return the user to the Task List, not to the Task Edit screen for the task they just created','2008-06-17 13:46:00','2008-06-17 14:51:29','complete','mml',7),(6,'Search results - IE browser compatibility','Search results (did Task search) in IE display horizantally rather than vertically','2008-06-17 13:49:27','2008-06-17 15:13:39','complete','mml',7),(7,'Identify SQL for DB View','Isolate the logic away from the application as Evolution will hopefully not put test data in a production database and will not need this legacy processing','2008-06-17 13:58:35','2008-06-18 15:44:23','complete','tom',7),(8,'Saved searches','Ability to save a search that is used repeatedly.  Use case would be something like:\r\n1.  do a search\r\n2.  have \'save search\' link.  Requires a name for the search\r\n\r\n3.  Search screen lists saved searches so they can be re-executed\r\n\r\n\r\nPossibly (probably not) have ability to save on a per user vs global option','2008-06-17 14:03:09','2008-06-18 14:41:44','complete','mml',6),(9,'SWAGGING feature','Need a way to rapidly SWAG many stories.  Like display a list of stories with a SWAG column and have the SWAG column editable.\r\n\r\nProbably low priority (as once we get all the stories swagged, we won\'t have to do it again)','2008-06-17 14:05:28','2008-06-18 16:32:57','complete','mml',7),(10,'Story description too short','200 characters is not enough for a description.  This probably applies to Tasks as well.\r\n\r\nShould allow 500 characters','2008-06-17 14:09:20','2008-06-17 14:48:25','complete','mml',7),(11,'Burn chart disappears','The burn chart for the current iteration is no longer displaying.  I have not left the browser and there were changes to stories and tasks','2008-06-17 14:15:11','2008-06-17 14:24:29','complete','mml',7),(12,'Story needs \'Area\' field','\'Area\' or \'Component\' or \'Module\' or something like that.  Brett calls it \'Area\' on his spreadsheet.\r\n\r\nFor the first cut, just a text field that should take 50 or 100 characters.\r\n\r\nFor a final cut, probably should have an Area object with CRUD screens and then the Story screen will select it from a drop down','2008-06-17 14:58:00','2008-06-18 14:51:41','complete','mml',7),(13,'Story View screen should display SWAG','Currently, if SWAG is nil, then it is not displayed.  Should display it as \'nil\' as that is meaningful','2008-06-17 15:02:45','2008-06-17 15:26:09','complete','mml',7),(14,'wiki markup','use bluecloth/redcloth to display descriptions','2008-06-17 15:16:41','2008-06-24 14:09:49','complete','Paul',7),(16,'Big word:  \'Stories\' on Story List','At the top of the Task List screen is the word \"Tasks\" in a large font.\r\n\r\nStory List screen does not have this useful feature.  Add the word \"Stories\" in a big font at the top of the Story List screen','2008-06-17 15:21:18','2008-06-18 14:43:09','complete','mml',7),(17,'pretty descriptions','bluecloth/wiki markup for description','2008-06-18 10:26:32','2008-06-18 15:05:46','complete','mml',7),(18,'Rename User -> Administrator','Rename User -> Administrator','2008-06-18 13:04:41','2008-06-18 15:39:57','complete','Jim',7),(19,'Roles & RolePermissions','REQUIRES Modules & Permissions TASK TO BE COMPLETED FIRST\r\n\r\n- create DB migration for table definition & default roles\r\n- create fixture data for default roles\r\n- columns:  id, name\r\n- see spreadsheet for default roles\r\n- no maintenance UI\r\n','2008-06-18 13:06:31','2008-06-23 13:07:33','complete','Jim',11),(21,'Assign Role to Administrator','- add Role to Administrator object\r\n- add Role select box to Administrator UI\r\n- when Role selected, populate AdministratorPermissions with relevant set of rows from RolePermission\r\n- changing a User\'s Role replaces all of their existing Permissions','2008-06-18 13:11:20','2008-06-24 14:42:33','complete','Jim',9),(22,'Modules & Permissions','- create migrations for table definitions\r\n- create fixtures for default data\r\n- see spreadsheet for default data\r\n- create & test model objects\r\n- no maintenance UI\r\n- assignment of Modules to Accounts will be done as a separate story (after initial Modules & Accounts stories are done)','2008-06-18 13:13:57','2008-06-19 14:39:24','complete','Jim',9),(23,'Modify User Permissions','- checkboxes are checked/unchecked by rows in AdminPermissions\r\n- checkbox existence is determined by rows Permission\r\n- set of visible checkboxes is based on selected Module\r\n\r\n- add Module dropdown to User UI\r\n- add checkboxes to User UI\r\n- make checkboxes vary based on selected Module\r\n','2008-06-18 13:44:35','2008-06-25 16:32:39','complete','Jim',7),(24,'Generate model','model','2008-06-18 14:15:06','2008-07-01 11:05:57','complete','mml',334),(25,'Generate controller','controller','2008-06-18 14:15:51','2008-06-18 15:41:29','complete','Paul',9),(26,'Generate view','view','2008-06-18 14:16:17','2008-06-18 15:16:47','complete','Paul',7),(27,'application landing screen and controller','some place to start at','2008-06-18 14:16:59','2008-06-18 16:22:41','complete','Paul',7),(30,'Task state changes','Add a task to a story.  Start the task and the story goes to \'In Progress\'\r\nNow, find a story in \'New\' state and assign the task to this story.\r\nThe new story stays in \'new\' and it should have moved to \'In Progress\'','2008-06-18 15:40:37','2008-06-19 15:44:30','complete','mml',14),(31,'Scope partners by type and visibility','use named_scope to limit view of partners and cascade down to documents','2008-06-18 15:43:40','2008-06-20 10:00:00','complete','tom',7),(33,'Task for testing','test','2008-06-19 08:18:36','2008-06-19 08:18:45','in_progress','Paul',3),(34,'Task Search results should show \'Assigned to\'','In the results for a Task search, show \"Assigned to\" field','2008-06-19 08:21:16','2008-06-19 15:46:46','complete','mml',6),(35,'Account Create','Add an account create page.','2008-06-19 12:57:40','2008-06-19 13:17:48','complete','Brian',7),(36,'Account Validation','Add validation to the account maintenance form','2008-06-19 12:58:23','2008-06-19 14:38:33','complete','Brian',6),(37,'Account Delete','Add a delete button to the account maintenance page.','2008-06-19 12:58:43','2008-06-19 15:15:19','complete','Brian',6),(38,'Account Update','Add links to the account list screen to access an account update page.','2008-06-19 12:59:28','2008-06-19 13:34:31','complete','Brian',6),(39,'Account Audit Fields','Add audit fields created_by and updated_by to account.','2008-06-19 13:35:17','2008-06-23 17:11:26','complete','Brian',6),(40,'Force login on back','If you log off and navigate to the list screen using the back button, you can still access the account screens.','2008-06-19 13:43:53','2008-06-19 14:46:55','complete','Brian',6),(41,'Change Area to Nodule','Area was changed to Module, then Nodule. Make it so!','2008-06-19 14:16:51','2008-06-19 14:24:20','complete','mml',6),(42,'Create display mnemonic','some sort of short mnemonic story id should be created and visible on story.','2008-06-19 14:17:40','2008-06-19 15:42:34','complete','mml',6),(44,'Create Module','Create the audit plugin module thingy','2008-06-20 12:40:13','2008-06-23 17:12:58','complete','mml',13),(45,'Label columns in Search results','for both task and story','2008-06-23 15:56:39','2008-06-24 14:50:27','complete','mml',6),(46,'Display Story id (Display ID) on detail page','Display ID for Story should be on the edit page','2008-06-23 15:57:50','2008-06-24 14:10:05','complete','Paul',6),(47,'Change \'nodule\' to \'feature\'','everywhere','2008-06-23 15:58:16','2008-06-24 14:38:07','complete','mml',6),(48,'Show assigned iteration for Story ','on Edit and View pages','2008-06-23 15:58:46','2008-06-24 13:33:09','complete','Paul',6),(49,'End Date calculation is wrong','On the dashboard (front) page, the end date is not being calculated.  The data is available so the formula must be incorrect','2008-06-24 08:34:19','2008-06-24 13:54:25','complete','Paul',6),(50,'Dummy Task 1','just being used to move Stories through their lifecycle','2008-06-24 11:08:46','2008-06-24 11:36:02','complete','',21),(51,'rake','migration was deleted in favor of a rake task...but rake task needs to be created','2008-06-24 11:12:49','2008-06-26 11:20:04','complete','tom',12),(52,'Assign existing task to story','Currently, only way is to edit Task and assign the Story.  \n\nIssue is no way to do it from Story to existing Tasks.\n\nSecond issue (regardless of Story->Task or Task->Story) is no way to filter down the result set of possibles','2008-06-24 11:17:04','2008-06-24 11:17:04','new',NULL,0),(53,'Dummy 2 Task','Dummy 2 Task','2008-06-24 11:36:45','2008-06-24 11:36:59','complete','',6),(54,'Associate administrator with account','internal admins should have a null association ','2008-06-24 13:33:49','2008-06-25 09:17:20','complete','Brian',8),(55,'Modify the session controller to redirect based on user role','If user role is internal admin then redirect to AccountController#index.\n\nIf external admin, the redirect to associated account (AccountController#show)','2008-06-24 13:38:30','2008-06-25 09:17:25','complete','Brian',6),(56,'Should be able to create a new internal admin without associating the user with an account','The control should appear on the AccountController#index view (\"Create Internal Admin\")','2008-06-24 13:41:16','2008-06-26 13:09:53','complete','Brian',6),(57,'Should be able to create a new external admin when viewing an account','This control should appear when looking at a specific account (AccountController#show)','2008-06-24 13:43:46','2008-06-26 13:09:43','complete','Brian',6),(58,'Scope users by account','/accounts/1/users = UsersController#index, etc...','2008-06-24 13:54:19','2008-06-27 13:54:16','complete','Brian',8),(59,'Validate that account on a user is nil when internal admin','An internal admin must not have an associated account.  This needs to be validated.','2008-06-24 14:29:26','2008-06-27 13:54:11','complete','Brian',6),(60,'Add ability to view account and administrators for internal admin','Need the ability to access show view for account from internal admin account list.','2008-06-25 09:24:33','2008-06-25 09:30:46','complete','Brian',6),(61,'Develop It','See story [ACOU-6](http://buildbox/travis/stories/6) for all tasks','2008-06-25 14:03:55','2008-06-30 11:45:16','complete','mml',161),(64,'password create page','- remove password field from Basic Info\r\n- make password nullable in db so initial save will work even though password field is on different screen\r\n- add enabled? flag to Administrator.  default is false, only set to true once a valid password is entered on create passwd page. login screen must honor this value\r\n- create new page just for entering password\r\n- page not accessible until user is saved (a la Permissions)\r\n- see story description for password rules\r\n- page should be accessible for other admins with >= role (will be done as a separate story since role hierarchy is not implemented yet)\r\n','2008-06-26 11:05:25','2008-06-30 11:01:17','complete','Jim',24),(66,'reset password feature','- add \"I forgot my password\" link to login page\r\n- for now send user directly to create password page; eventually this will generate an email (once email sending is implemented)','2008-06-26 11:11:48','2008-07-01 11:21:35','complete','Jim',9),(68,'create a method to load seed data','We need a way to load data into the database that the application requires to run','2008-06-26 11:19:55','2008-06-26 12:11:04','complete','tom',6),(69,'Rake task for \'auto_tag\'','see [auto_tag.rb in Subversion](http://buildbox.office.gdi/svn/showfile.svn?path=%2ftag_service%2ftrunk%2flib%2fauto_tag.rb&revision=HEAD&name=govdelivery).\r\n\r\nThis can be run as follows:\r\n\r\n`cd /path/to/app/root/dir  ` && `  jruby script/runner auto_tag.rb`\r\n\r\nactual usage might look something like this:\r\n\r\n		~/scratch/tag_service$ jruby script/runner -e development lib/auto_tag.rb\r\n		JRuby limited openssl loaded. gem install jruby-openssl for full support.\r\n		http://wiki.jruby.org/wiki/JRuby_Builtin_OpenSSL\r\n		Enter a partner id: 5109\r\n		Found 8 to autotag, continue? y\r\n		autotagging...\r\n		\r\n','2008-06-26 13:56:25','2008-06-26 14:05:39','complete','tom',15),(70,'Map \"partner_attributes\" created for Legend','Need to update lookups and model attributes (properties? what\'s the best name for these things?).  Get ActiveRecord to \"work\" with this stuff','2008-06-26 15:31:23','2008-06-26 15:31:29','in_progress','tom',3),(71,'email new password','- email link to password create page when a new user is created\r\n- email link to password create page when \"I forgot my password\" is clicked on login page\r\n\r\noptions:\r\n- use GDCore\'s AdminMailMachine & ludicrous?\r\n- write directly to [new] mail tables?\r\n- generate email & send directly to Postfix or StrongMail?\r\n','2008-06-26 15:55:16','2008-06-27 13:18:08','new',NULL,4),(73,'disabled administrators','- create new admins in disabled state\r\n- enable only once valid new password is entered on create password page\r\n','2008-06-27 12:56:08','2008-06-30 11:01:45','complete','Jim',8),(74,'Add ability to disable an account','Add the ability to disable an account.  When an account is disabled, administrators associated with that account should no longer be able to log in to the application.','2008-06-27 13:53:04','2008-06-27 13:53:09','complete','Brian',6),(75,'Develop It','See story [ACOU-6](http://buildbox/travis/stories/6) for all tasks','2008-06-27 14:18:01','2008-06-27 14:18:08','complete','Brian',6),(76,'limit find based on category visibility','Need to scope document finds based on category','2008-06-30 11:27:02','2008-06-30 11:27:02','new',NULL,0),(77,'AccountModule','- tie Modules to Accounts\n- limit Modules dropdown on Permissions page to only show those Modules enabled for that user\'s account\n','2008-07-01 11:47:26','2008-07-01 11:47:26','new',NULL,0),(78,'enforce security','- you can only edit permissions for a user if logged_in_user.role >= target_user.role\n- can\'t edit your own permissions\n- requires role hierarchy to be in place','2008-07-01 11:50:17','2008-07-01 11:50:17','new',NULL,0),(79,'enforce security','see security grid for details\n\nsbserver / 09 Product Management / GovDelivery / Requirements / Evolution','2008-07-01 11:54:20','2008-07-01 11:54:20','new',NULL,0),(80,'create role hierarchy','- remove SalesRep\n- change ItemAdmin to TopicAdmin\n- add level to roles.  levels:  SU=1, AM=2, AA=100, CA=101, IA=102, RV=103\n','2008-07-01 11:55:45','2008-07-01 13:34:31','complete','Jim',6),(81,'enforce security','- change Admin CRUD operations to only work if logged_in_user.role.level >= target_user.role.level\r\n- disabling Read == remove from list\r\n- remove buttons/links from UI \r\n- add checks to controller methods\r\n- see security grid for details\r\n\r\nsbserver / 09 Product Management / GovDelivery / Requirements / Evolution','2008-07-01 11:56:52','2008-07-01 11:57:38','new',NULL,1);
UNLOCK TABLES;
/*!40000 ALTER TABLE `tasks` ENABLE KEYS */;
/*!40103 SET TIME_ZONE=@OLD_TIME_ZONE */;

/*!40101 SET SQL_MODE=@OLD_SQL_MODE */;
/*!40014 SET FOREIGN_KEY_CHECKS=@OLD_FOREIGN_KEY_CHECKS */;
/*!40014 SET UNIQUE_CHECKS=@OLD_UNIQUE_CHECKS */;
/*!40101 SET CHARACTER_SET_CLIENT=@OLD_CHARACTER_SET_CLIENT */;
/*!40101 SET CHARACTER_SET_RESULTS=@OLD_CHARACTER_SET_RESULTS */;
/*!40101 SET COLLATION_CONNECTION=@OLD_COLLATION_CONNECTION */;
/*!40111 SET SQL_NOTES=@OLD_SQL_NOTES */;

